"outer iteration","expectation estimate","lower bound","upper bound"
1.0000000000000000e+00,9.1376560095180992e-01,8.9157033423259091e-01,1.0509909104886781e+00
2.0000000000000000e+00,9.7128062236063450e-01,8.7962004091417112e-01,1.3479683399904676e+00
3.0000000000000000e+00,1.1137941904523194e+00,7.7805905173914525e-01,1.2573847452180109e+00
4.0000000000000000e+00,1.0177218984785781e+00,8.4735203443477536e-01,1.2424943946490870e+00
5.0000000000000000e+00,1.0449232145419312e+00,8.2074391708616734e-01,1.1837314644257892e+00
6.0000000000000000e+00,1.0022376907559782e+00,8.1528253998820877e-01,1.1393126694822171e+00
7.0000000000000000e+00,9.7729760473521299e-01,8.0967819281838482e-01,1.1032943294461082e+00
8.0000000000000000e+00,9.5648626113224655e-01,8.2358370233978362e-01,1.0847184719171203e+00
9.0000000000000000e+00,9.5415108712845198e-01,8.1477586683876191e-01,1.0586030072496024e+00
1.0000000000000000e+01,9.3668943704418217e-01,8.3586158291064683e-01,1.0623147591847926e+00
1.1000000000000000e+01,9.4908817104771970e-01,8.2601788767749063e-01,1.0414499652631748e+00
1.2000000000000000e+01,9.3373392647033271e-01,8.1941138627250421e-01,1.0235542336787389e+00
1.3000000000000000e+01,9.2148280997562160e-01,8.2955163514123575e-01,1.0194560173455851e+00
1.4000000000000000e+01,9.2450382624341043e-01,8.3494508007981427e-01,1.0122233794144055e+00
1.5000000000000000e+01,9.2358422974710996e-01,8.2845250965042638e-01,9.9886634115580220e-01
1.6000000000000000e+01,9.1365942540311429e-01,8.3778150492289372e-01,9.9922540354783329e-01
1.7000000000000000e+01,9.1850345423536350e-01,8.3600538170586591e-01,9.8993127624937416e-01
1.8000000000000000e+01,9.1296832897762004e-01,8.5058488474824601e-01,1.0139175609873012e+00
1.9000000000000000e+01,9.3225122286777362e-01,8.5134935947128854e-01,1.0069650475076666e+00
2.0000000000000000e+01,9.2915720348947750e-01,8.6595970068187444e-01,1.0371503369686921e+00
2.1000000000000000e+01,9.5155501882528326e-01,8.6471274378925989e-01,1.0290908610364340e+00
2.2000000000000000e+01,9.4690180241284694e-01,8.6009442212996379e-01,1.0196262672840419e+00
2.3000000000000000e+01,9.3986034470700286e-01,8.6560030131130028e-01,1.0187419231752850e+00
2.4000000000000000e+01,9.4217111224329264e-01,8.7899606949225861e-01,1.0419638856068514e+00
2.5000000000000000e+01,9.6047997754955505e-01,8.9230726511540526e-01,1.0606229208632187e+00
2.6000000000000000e+01,9.7646509298931206e-01,8.8596618818075312e-01,1.0509488438978043e+00
2.7000000000000000e+01,9.6845751603927865e-01,8.7954735520293870e-01,1.0415312051640544e+00
2.8000000000000000e+01,9.6053928018349655e-01,8.8376974051883006e-01,1.0402720217228050e+00
2.9000000000000000e+01,9.6202088112081752e-01,8.9109055474063459e-01,1.0438186574400350e+00
3.0000000000000000e+01,9.6745460609033485e-01,8.8792441157635549e-01,1.0369794455117234e+00
3.1000000000000000e+01,9.6245192854403949e-01,8.8163154056527315e-01,1.0287288967101984e+00
3.2000000000000000e+01,9.5518021863773583e-01,8.7993912793206774e-01,1.0232491015260292e+00
3.3000000000000000e+01,9.5159411472904853e-01,8.7979683476671222e-01,1.0191344716560045e+00
3.4000000000000000e+01,9.4946565321135834e-01,8.7435284396704571e-01,1.0119054780726682e+00
3.5000000000000000e+01,9.4312916101985689e-01,8.8327068113861029e-01,1.0219141437434294e+00
3.6000000000000000e+01,9.5259241244101978e-01,8.7803572187819878e-01,1.0149711841473330e+00
3.7000000000000000e+01,9.4650345301276595e-01,8.7892297230784322e-01,1.0122995244103330e+00
3.8000000000000000e+01,9.4561124835908816e-01,8.7628946220532988e-01,1.0071218185429636e+00
3.9000000000000000e+01,9.4170564037414672e-01,8.7300019399291318e-01,1.0016768289657443e+00
4.0000000000000000e+01,9.3733851147932867e-01,8.7865420211930523e-01,1.0055361040846438e+00
4.1000000000000000e+01,9.4209515310197445e-01,8.8543878533175702e-01,1.0118831130673245e+00
4.2000000000000000e+01,9.4866094919954069e-01,8.8240235776197340e-01,1.0068832698731287e+00
4.3000000000000000e+01,9.4464281381755100e-01,8.9070892429867854e-01,1.0181148305763621e+00
4.4000000000000000e+01,9.5441187743752032e-01,8.9796834273597526e-01,1.0259174418466275e+00
4.5000000000000000e+01,9.6194289229130137e-01,9.0009156375271449e-01,1.0252928716912513e+00
4.6000000000000000e+01,9.6269221772198288e-01,8.9665820035931021e-01,1.0202841578683135e+00
4.7000000000000000e+01,9.5847117911381186e-01,8.9553087931023012e-01,1.0168974626270904e+00
4.8000000000000000e+01,9.5621417096866024e-01,8.9343853083138758e-01,1.0129115118378849e+00
4.9000000000000000e+01,9.5317502133463627e-01,9.0025978212732694e-01,1.0207477586489486e+00
5.0000000000000000e+01,9.6050377038813783e-01,8.9884532929161021e-01,1.0173407892068878e+00
5.1000000000000000e+01,9.5809305924924903e-01,9.0608240477205637e-01,1.0266608597428752e+00
5.2000000000000000e+01,9.6637163225746581e-01,9.1313509384018265e-01,1.0352958473110745e+00
5.3000000000000000e+01,9.7421547057562863e-01,9.1158544352216286e-01,1.0318722165651046e+00
5.4000000000000000e+01,9.7172883004363375e-01,9.1247599396512680e-01,1.0305783323732367e+00
5.5000000000000000e+01,9.7152716316918175e-01,9.1517481613618656e-01,1.0313656684024639e+00
5.6000000000000000e+01,9.7327024226932524e-01,9.2163913191381608e-01,1.0390575811382405e+00
5.7000000000000000e+01,9.8034835652602825e-01,9.2006026474461255e-01,1.0358313335074358e+00
5.8000000000000000e+01,9.7794579912602420e-01,9.1645652338310224e-01,1.0313458633197208e+00
5.9000000000000000e+01,9.7390119335141156e-01,9.2283008923104082e-01,1.0390880412158379e+00
6.0000000000000000e+01,9.8095906522343934e-01,9.2856857620035327e-01,1.0452287836463503e+00
6.1000000000000000e+01,9.8689867992335178e-01,9.3040127873152056e-01,1.0452355668144042e+00
6.2000000000000000e+01,9.8781842277296239e-01,9.2976389727981967e-01,1.0429210693609032e+00
6.3000000000000000e+01,9.8634248332036145e-01,9.3158680342362765e-01,1.0430398722552809e+00
6.4000000000000000e+01,9.8731333783945430e-01,9.3573279961732869e-01,1.0464510542864573e+00
6.5000000000000000e+01,9.9109192695189297e-01,9.3212700398045345e-01,1.0422263007822175e+00
6.6000000000000000e+01,9.8717665238133545e-01,9.3466636154384408e-01,1.0433571252698026e+00
6.7000000000000000e+01,9.8901174340682341e-01,9.3400052701326430e-01,1.0412305983449592e+00
6.8000000000000000e+01,9.8761556267911177e-01,9.3809100508120646e-01,1.0448176109711771e+00
6.9000000000000000e+01,9.9145430802619172e-01,9.4347761869496627e-01,1.0511037314138119e+00
7.0000000000000000e+01,9.9729067505438906e-01,9.4648410773531655e-01,1.0530272269562122e+00
7.1000000000000000e+01,9.9975566734576438e-01,9.5153429793885225e-01,1.0586203705367174e+00
7.2000000000000000e+01,1.0050773342377848e+00,9.5223102850401886e-01,1.0578502651671366e+00
7.3000000000000000e+01,1.0050406468355777e+00,9.4991298407850877e-01,1.0546560417771906e+00
7.4000000000000000e+01,1.0022845129278497e+00,9.4612780163074994e-01,1.0505966375520475e+00
7.5000000000000000e+01,9.9836221959139870e-01,9.4555810813587948e-01,1.0487588608284950e+00
7.6000000000000000e+01,9.9715848448218725e-01,9.5036807210403129e-01,1.0541456206457913e+00
7.7000000000000000e+01,1.0022568463749113e+00,9.5267597352810407e-01,1.0553512701939654e+00
7.8000000000000000e+01,1.0040136218610347e+00,9.5125752257498841e-01,1.0529112534784424e+00
7.9000000000000000e+01,1.0020843880267154e+00,9.4728094405672558e-01,1.0488710833793145e+00
8.0000000000000000e+01,9.9807601371802002e-01,9.4370525717069764e-01,1.0450659365088750e+00
8.1000000000000000e+01,9.9438559683978633e-01,9.4835094846337620e-01,1.0503132794396166e+00
8.2000000000000000e+01,9.9933211395149635e-01,9.5124952805361462e-01,1.0524621885127690e+00
8.3000000000000000e+01,1.0018558582831918e+00,9.5139548018760489e-01,1.0514185204352682e+00
8.4000000000000000e+01,1.0014070003114366e+00,9.5542462457825206e-01,1.0555378199699632e+00
8.5000000000000000e+01,1.0054812222741076e+00,9.5463503601676869e-01,1.0537149757843007e+00
8.6000000000000000e+01,1.0041750059005348e+00,9.5198244369889617e-01,1.0505724255597004e+00
8.7000000000000000e+01,1.0012774346292983e+00,9.5184473657792612e-01,1.0493503912762385e+00
8.8000000000000000e+01,1.0005975639270823e+00,9.5078704173147977e-01,1.0473778387465413e+00
8.9000000000000000e+01,9.9908244023901049e-01,9.4950527879069746e-01,1.0452532936560481e+00
9.0000000000000000e+01,9.9737928622337280e-01,9.5363318503026417e-01,1.0498406522545773e+00
9.1000000000000000e+01,1.0017369186424208e+00,9.5027096725212912e-01,1.0463623508746507e+00
9.2000000000000000e+01,9.9831665906338996e-01,9.4734813159950360e-01,1.0431545850603192e+00
9.3000000000000000e+01,9.9525135832991141e-01,9.4994541080042072e-01,1.0451556054884266e+00
9.4000000000000000e+01,9.9755050814442370e-01,9.5341954248778915e-01,1.0485837760775558e+00
9.5000000000000000e+01,1.0010016592826725e+00,9.5722655674128632e-01,1.0526389514658496e+00
9.6000000000000000e+01,1.0049327541035680e+00,9.5685016156534219e-01,1.0513356996290488e+00
9.7000000000000000e+01,1.0040929305971955e+00,9.5538743942918247e-01,1.0491753082095174e+00
9.8000000000000000e+01,1.0022813738193499e+00,9.5506428268625321e-01,1.0479536592054548e+00
9.9000000000000000e+01,1.0015089709458540e+00,9.5680309294403076e-01,1.0489141096605994e+00
1.0000000000000000e+02,1.0028586013023151e+00,9.5390333584191545e-01,1.0458428143051277e+00
1.0100000000000000e+02,9.9987307507352163e-01,9.5289894073938564e-01,1.0440951421062286e+00
1.0200000000000000e+02,9.9849704142280715e-01,9.5343537283258839e-01,1.0437469202467724e+00
1.0300000000000000e+02,9.9859114653968040e-01,9.5046727295143729e-01,1.0406813709062854e+00
1.0400000000000000e+02,9.9557432192886131e-01,9.4828885168053623e-01,1.0381206707357509e+00
1.0500000000000000e+02,9.9320476120814349e-01,9.5192473122520183e-01,1.0421597675449905e+00
1.0600000000000000e+02,9.9704224938509611e-01,9.5345490583775383e-01,1.0429623849694332e+00
1.0700000000000000e+02,9.9820864540359344e-01,9.5255817171847079e-01,1.0413697572902549e+00
1.0800000000000000e+02,9.9696396450436287e-01,9.5113933208726609e-01,1.0393861461386162e+00
1.0900000000000000e+02,9.9526273911294116e-01,9.5455385092161005e-01,1.0430963898146386e+00
1.1000000000000000e+02,9.9882512036812432e-01,9.5355761748135071e-01,1.0414534418783998e+00
1.1100000000000000e+02,9.9750552967987527e-01,9.5693521509966384e-01,1.0451256130946036e+00
1.1200000000000000e+02,1.0010304140971338e+00,9.5983998717037122e-01,1.0479658336428626e+00
1.1300000000000000e+02,1.0039029104066168e+00,9.6054613702897873e-01,1.0479081133520984e+00
1.1400000000000000e+02,1.0042271251905386e+00,9.5986647737350428e-01,1.0465592104517423e+00
1.1500000000000000e+02,1.0032128439126233e+00,9.5798986157128430e-01,1.0443113215236266e+00
1.1600000000000000e+02,1.0011505915474554e+00,9.5782848428620293e-01,1.0434360618126877e+00
1.1700000000000000e+02,1.0006322730494452e+00,9.6106477264923351e-01,1.0469687179742426e+00
1.1800000000000000e+02,1.0040167453117381e+00,9.6414093569183734e-01,1.0502110064540338e+00
1.1900000000000000e+02,1.0071759710729355e+00,9.6523639094999947e-01,1.0506411333287597e+00
1.2000000000000000e+02,1.0079387621393796e+00,9.6392309073044058e-01,1.0488398878042398e+00
1.2100000000000000e+02,1.0063814892673402e+00,9.6551549050476326e-01,1.0498945943206885e+00
1.2200000000000000e+02,1.0077050424127258e+00,9.6845840209313339e-01,1.0529726871011476e+00
1.2300000000000000e+02,1.0107155445971405e+00,9.6762531331899337e-01,1.0515714148336541e+00
1.2400000000000000e+02,1.0095983640763238e+00,9.6988472516442947e-01,1.0535738033997828e+00
1.2500000000000000e+02,1.0117292642821061e+00,9.6840349148248950e-01,1.0516881350072012e+00
1.2600000000000000e+02,1.0100458132448453e+00,9.6915152173941799e-01,1.0517973256968522e+00
1.2700000000000000e+02,1.0104744237181351e+00,9.6911267706732307e-01,1.0511245779807816e+00
1.2800000000000000e+02,1.0101186275240523e+00,9.6774470688371184e-01,1.0493515844184798e+00
1.2900000000000000e+02,1.0085481456510959e+00,9.7054180744477569e-01,1.0522920874644368e+00
1.3000000000000000e+02,1.0114169474546062e+00,9.7198200909853272e-01,1.0532423935365935e+00
1.3100000000000000e+02,1.0126122013175631e+00,9.7004586957897532e-01,1.0510856356479015e+00
1.3200000000000000e+02,1.0105657526134384e+00,9.7067473070983390e-01,1.0511154576003201e+00
1.3300000000000000e+02,1.0108950941550769e+00,9.7020508718955312e-01,1.0500982775354102e+00
1.3400000000000000e+02,1.0101516823624817e+00,9.6937334854973534e-01,1.0487852505441202e+00
1.3500000000000000e+02,1.0090792995469278e+00,9.7214204929073678e-01,1.0517653836333110e+00
1.3600000000000000e+02,1.0119537164620238e+00,9.7016882836378893e-01,1.0496192550031165e+00
1.3700000000000000e+02,1.0098940416834528e+00,9.6880075893424666e-01,1.0479048313041137e+00
1.3800000000000000e+02,1.0083527951191802e+00,9.7038719406583762e-01,1.0491113511900561e+00
1.3900000000000000e+02,1.0097492726279469e+00,9.6907826930088425e-01,1.0474544298707487e+00
1.4000000000000000e+02,1.0082663495858164e+00,9.7046553427049620e-01,1.0484215614930656e+00
1.4100000000000000e+02,1.0094435478817809e+00,9.6906504663001936e-01,1.0467102970585138e+00
1.4200000000000000e+02,1.0078876718442666e+00,9.6916713521466669e-01,1.0462722046132993e+00
1.4300000000000000e+02,1.0077196699139830e+00,9.6810882726990166e-01,1.0448335948538474e+00
1.4400000000000000e+02,1.0064712110618745e+00,9.6737367599637070e-01,1.0436604194394867e+00
1.4500000000000000e+02,1.0055170477179287e+00,9.6568643052473169e-01,1.0417719052741763e+00
1.4600000000000000e+02,1.0037291678994540e+00,9.6508553227117688e-01,1.0407221682014944e+00
1.4700000000000000e+02,1.0029038502363357e+00,9.6717120233727316e-01,1.0427187914217857e+00
1.4800000000000000e+02,1.0049449968795294e+00,9.6586544762643445e-01,1.0411201637141310e+00
1.4900000000000000e+02,1.0034928056702828e+00,9.6605501413896055e-01,1.0408084131504833e+00
1.5000000000000000e+02,1.0034317136447219e+00,9.6857188768892222e-01,1.0435327300868487e+00
1.5100000000000000e+02,1.0060523088878854e+00,9.7104736143542947e-01,1.0461860108587662e+00
1.5200000000000000e+02,1.0086166861470978e+00,9.7323316493589718e-01,1.0483664583382504e+00
1.5300000000000000e+02,1.0107998116370738e+00,9.7370950143665858e-01,1.0483605741218056e+00
1.5400000000000000e+02,1.0110350377792321e+00,9.7376467372903641e-01,1.0479376070064992e+00
1.5500000000000000e+02,1.0108511403677678e+00,9.7189488881014174e-01,1.0459722511875111e+00
1.5600000000000000e+02,1.0089335699988264e+00,9.6985126587674231e-01,1.0438956595093927e+00
1.5700000000000000e+02,1.0068734626930675e+00,9.6853317610207290e-01,1.0423250738021503e+00
1.5800000000000000e+02,1.0054291249521117e+00,9.6878037352334534e-01,1.0421081951644875e+00
1.5900000000000000e+02,1.0054442843439164e+00,9.6810922129732102e-01,1.0410564549992798e+00
1.6000000000000000e+02,1.0045828381483004e+00,9.6960341160128216e-01,1.0422937416155191e+00
1.6100000000000000e+02,1.0059485766084006e+00,9.6929734372886445e-01,1.0415671406100391e+00
1.6200000000000000e+02,1.0054322421694517e+00,9.7144107023900073e-01,1.0437672351514744e+00
1.6300000000000000e+02,1.0076041526952375e+00,9.7036376336825536e-01,1.0424065843486392e+00
1.6400000000000000e+02,1.0063851738584473e+00,9.7080150324278303e-01,1.0424129594257547e+00
1.6500000000000000e+02,1.0066072313342689e+00,9.7280009996632255e-01,1.0444063032375359e+00
1.6600000000000000e+02,1.0086032016019293e+00,9.7129112577076349e-01,1.0427387026934904e+00
1.6700000000000000e+02,1.0070149142321270e+00,9.7115117456489441e-01,1.0421863516983834e+00
1.6800000000000000e+02,1.0066687631316389e+00,9.6972027570336539e-01,1.0405835411366968e+00
1.6900000000000000e+02,1.0051519084200311e+00,9.7147067833040879e-01,1.0422289742634394e+00
1.7000000000000000e+02,1.0068498262969241e+00,9.7361558048376140e-01,1.0444835354190121e+00
1.7100000000000000e+02,1.0090495579513867e+00,9.7442261181732681e-01,1.0449204718751348e+00
1.7200000000000000e+02,1.0096715418462308e+00,9.7410625561202246e-01,1.0442245276252211e+00
1.7300000000000000e+02,1.0091653916186218e+00,9.7562847178366496e-01,1.0455684233094495e+00
1.7400000000000000e+02,1.0105984475465573e+00,9.7569825566971446e-01,1.0452403819727583e+00
1.7500000000000000e+02,1.0104693188212364e+00,9.7690404805979725e-01,1.0461777991303651e+00
1.7600000000000000e+02,1.0115409235950812e+00,9.7781501340966170e-01,1.0467591033196471e+00
1.7700000000000000e+02,1.0122870583646544e+00,9.7966576040316389e-01,1.0486014464852336e+00
1.7800000000000000e+02,1.0141336034441988e+00,9.7985712551246740e-01,1.0484076961883466e+00
1.7900000000000000e+02,1.0141324108504071e+00,9.7866720144793029e-01,1.0470224868826412e+00
1.8000000000000000e+02,1.0128448441652858e+00,9.8044461695717577e-01,1.0487706139703343e+00
1.8100000000000000e+02,1.0146076154637551e+00,9.8091005131081666e-01,1.0488695851077527e+00
1.8200000000000000e+02,1.0148898182092847e+00,9.8193372408667445e-01,1.0496097681791199e+00
1.8300000000000000e+02,1.0157717461328972e+00,9.8307895071912599e-01,1.0505052839350628e+00
1.8400000000000000e+02,1.0167921173270944e+00,9.8207197966052484e-01,1.0492761337455068e+00
1.8500000000000000e+02,1.0156740567030158e+00,9.8407571303559060e-01,1.0514048616559328e+00
1.8600000000000000e+02,1.0177402873457617e+00,9.8445879352700683e-01,1.0514327102754364e+00
1.8700000000000000e+02,1.0179457519012216e+00,9.8549937202767890e-01,1.0522119539145500e+00
1.8800000000000000e+02,1.0188556629711145e+00,9.8409448624002460e-01,1.0506987960319905e+00
1.8900000000000000e+02,1.0173966411360076e+00,9.8545312567438936e-01,1.0518948257912006e+00
1.9000000000000000e+02,1.0186739757327949e+00,9.8472865089162598e-01,1.0509071759573838e+00
1.9100000000000000e+02,1.0178179134245049e+00,9.8666232601727832e-01,1.0529545642335598e+00
1.9200000000000000e+02,1.0198084451254190e+00,9.8605447688825421e-01,1.0520679138138973e+00
1.9300000000000000e+02,1.0190611953510758e+00,9.8670508653984945e-01,1.0524067255445926e+00
1.9400000000000000e+02,1.0195559060422210e+00,9.8511979014682638e-01,1.0507845633904875e+00
1.9500000000000000e+02,1.0179521767686570e+00,9.8516370558276145e-01,1.0504952164032031e+00
1.9600000000000000e+02,1.0178294609929823e+00,9.8682767425074891e-01,1.0521506982062805e+00
1.9700000000000000e+02,1.0194891862285147e+00,9.8706363516435847e-01,1.0520573428153734e+00
1.9800000000000000e+02,1.0195604889898660e+00,9.8765350493634074e-01,1.0523432747155326e+00
1.9900000000000000e+02,1.0199983898259366e+00,9.8950156369438125e-01,1.0542952080853898e+00
2.0000000000000000e+02,1.0218983858898856e+00,9.8931036336292910e-01,1.0537957885436666e+00
2.0100000000000000e+02,1.0215530759532978e+00,9.8784893625027914e-01,1.0522788090661841e+00
2.0200000000000000e+02,1.0200638726582316e+00,9.8697611858576129e-01,1.0512018355420010e+00
2.0300000000000000e+02,1.0190889770638811e+00,9.8595689010080578e-01,1.0500133683612933e+00
2.0400000000000000e+02,1.0179851292310496e+00,9.8686358389636242e-01,1.0506819561331922e+00
2.0500000000000000e+02,1.0187727700147773e+00,9.8731719678026086e-01,1.0508369168241016e+00
2.0600000000000000e+02,1.0190770568021812e+00,9.8602502195082486e-01,1.0494539166571859e+00
2.0700000000000000e+02,1.0177394693040054e+00,9.8781139399809526e-01,1.0513431266358388e+00
2.0800000000000000e+02,1.0195772603169670e+00,9.8958388908321093e-01,1.0532110405429054e+00
2.0900000000000000e+02,1.0213974648130582e+00,9.8841286885933233e-01,1.0519197889602330e+00
2.1000000000000000e+02,1.0201663289097826e+00,9.8832170425724719e-01,1.0515345087912014e+00
2.1100000000000000e+02,1.0199281065242243e+00,9.8706213691986289e-01,1.0501835052870270e+00
2.1200000000000000e+02,1.0186228211034449e+00,9.8665326958807875e-01,1.0495136895817290e+00
2.1300000000000000e+02,1.0180834795849039e+00,9.8625514966285721e-01,1.0488558885077377e+00
2.1400000000000000e+02,1.0175555190852974e+00,9.8484120961794863e-01,1.0474025253170578e+00
2.1500000000000000e+02,1.0161218674675032e+00,9.8418594715449392e-01,1.0465293120076291e+00
2.1600000000000000e+02,1.0153576295810616e+00,9.8412396607766617e-01,1.0461851169311598e+00
2.1700000000000000e+02,1.0151545415044130e+00,9.8360545362752427e-01,1.0454319497785405e+00
2.1800000000000000e+02,1.0145187017030324e+00,9.8324894277605335e-01,1.0448221290683355e+00
2.1900000000000000e+02,1.0140355359221944e+00,9.8479615931282161e-01,1.0463917674332064e+00
2.2000000000000000e+02,1.0155939633730140e+00,9.8390090137730124e-01,1.0453363382854042e+00
2.2100000000000000e+02,1.0146186198313527e+00,9.8311349832036665e-01,1.0443684497833923e+00
2.2200000000000000e+02,1.0137409740518795e+00,9.8380144104514844e-01,1.0448225928381505e+00
2.2300000000000000e+02,1.0143120169416495e+00,9.8445063160279289e-01,1.0452348187202065e+00
2.2400000000000000e+02,1.0148427251614998e+00,9.8427896191632414e-01,1.0448044491633492e+00
2.2500000000000000e+02,1.0145417055398367e+00,9.8373323959022729e-01,1.0440449529932949e+00
2.2600000000000000e+02,1.0138890962917610e+00,9.8397350326181821e-01,1.0440210166252770e+00
2.2700000000000000e+02,1.0139972599435476e+00,9.8429754823208626e-01,1.0440865497883649e+00
2.2800000000000000e+02,1.0141920490102256e+00,9.8329028447992795e-01,1.0429637745283744e+00
2.2900000000000000e+02,1.0131270295041512e+00,9.8374014677360033e-01,1.0431679540607941e+00
2.3000000000000000e+02,1.0134540504171972e+00,9.8379283254873018e-01,1.0429641150299784e+00
2.3100000000000000e+02,1.0133784737893543e+00,9.8284695163794733e-01,1.0418948538770163e+00
2.3200000000000000e+02,1.0123709027574819e+00,9.8435065622417028e-01,1.0434483839068218e+00
2.3300000000000000e+02,1.0138995200654961e+00,9.8435410423058178e-01,1.0432012081478570e+00
2.3400000000000000e+02,1.0137776561892193e+00,9.8593292263440246e-01,1.0448736167478538e+00
2.3500000000000000e+02,1.0154032696911282e+00,9.8454538543480441e-01,1.0434866511668393e+00
2.3600000000000000e+02,1.0140160183008218e+00,9.8434635399945813e-01,1.0430520061928634e+00
2.3700000000000000e+02,1.0136991800961608e+00,9.8592091266710347e-01,1.0447236729013745e+00
2.3800000000000000e+02,1.0153222927842389e+00,9.8611860223051973e-01,1.0446760615111910e+00
2.3900000000000000e+02,1.0153973318708553e+00,9.8767512449260875e-01,1.0463245614835117e+00
2.4000000000000000e+02,1.0169998429880602e+00,9.8645386336387797e-01,1.0450616870338163e+00
2.4100000000000000e+02,1.0157577751988471e+00,9.8795710501288092e-01,1.0466314056747745e+00
2.4200000000000000e+02,1.0172942553438278e+00,9.8729305093130471e-01,1.0457991413027630e+00
2.4300000000000000e+02,1.0165460961170338e+00,9.8803864619188453e-01,1.0463610552778564e+00
2.4400000000000000e+02,1.0171998507348705e+00,9.8816941579121198e-01,1.0462537924255211e+00
2.4500000000000000e+02,1.0172116041083665e+00,9.8929146276075941e-01,1.0472941421946536e+00
2.4600000000000000e+02,1.0182928024777065e+00,9.9068191630313474e-01,1.0487099636788517e+00
2.4700000000000000e+02,1.0196959399909933e+00,9.9099105401260745e-01,1.0487901337658880e+00
2.4800000000000000e+02,1.0198905938892477e+00,9.8989683373954329e-01,1.0476321108601681e+00
2.4900000000000000e+02,1.0187644722998557e+00,9.9138123523494437e-01,1.0491933348931008e+00
2.5000000000000000e+02,1.0202872850640226e+00,9.9163937700540528e-01,1.0492239191205583e+00
2.5100000000000000e+02,1.0204316480629818e+00,9.9221022254539937e-01,1.0495958966373580e+00
2.5200000000000000e+02,1.0209030595913786e+00,9.9207163267960852e-01,1.0492387121316000e+00
2.5300000000000000e+02,1.0206551724056043e+00,9.9138677825182275e-01,1.0484061049473861e+00
2.5400000000000000e+02,1.0198964415996044e+00,9.9254234743266956e-01,1.0495097409806693e+00
2.5500000000000000e+02,1.0210260442066694e+00,9.9233027485478442e-01,1.0490886544528395e+00
2.5600000000000000e+02,1.0207094646538120e+00,9.9337268218219366e-01,1.0500452819109367e+00
2.5700000000000000e+02,1.0217089820465652e+00,9.9478950746391459e-01,1.0515263464336277e+00
2.5800000000000000e+02,1.0231579269487712e+00,9.9621105406551569e-01,1.0530147772301059e+00
2.5900000000000000e+02,1.0246129156478108e+00,9.9540133151625887e-01,1.0520884021108536e+00
2.6000000000000000e+02,1.0237448668135563e+00,9.9428948946502160e-01,1.0509332364004234e+00
2.6100000000000000e+02,1.0226113629327225e+00,9.9376251943962346e-01,1.0502404927197611e+00
2.6200000000000000e+02,1.0220015060796923e+00,9.9256445197774446e-01,1.0490253791444755e+00
2.6300000000000000e+02,1.0207949155611100e+00,9.9366880473329822e-01,1.0500732168490861e+00
2.6400000000000000e+02,1.0218710107911921e+00,9.9500281299268278e-01,1.0514427208285524e+00
2.6500000000000000e+02,1.0232227669106175e+00,9.9402934269433496e-01,1.0503958129929192e+00
2.6600000000000000e+02,1.0222125778436271e+00,9.9308433214399572e-01,1.0493716681637466e+00
2.6700000000000000e+02,1.0212280001538712e+00,9.9202703261217662e-01,1.0482640473075335e+00
2.6800000000000000e+02,1.0201455399598551e+00,9.9299509120983087e-01,1.0491389287635240e+00
2.6900000000000000e+02,1.0210670099866774e+00,9.9202212557083536e-01,1.0480967716485499e+00
2.7000000000000000e+02,1.0200594486096926e+00,9.9251964333784104e-01,1.0484098753132927e+00
2.7100000000000000e+02,1.0204647593255669e+00,9.9212528961405189e-01,1.0478418618880494e+00
2.7200000000000000e+02,1.0199835757510507e+00,9.9284887766891172e-01,1.0484197185567004e+00
2.7300000000000000e+02,1.0206342981128060e+00,9.9402893819840898e-01,1.0495871019070058e+00
2.7400000000000000e+02,1.0218080200527073e+00,9.9318898156827606e-01,1.0486537263065858e+00
2.7500000000000000e+02,1.0209213539374309e+00,9.9244481581763311e-01,1.0477972531647393e+00
2.7600000000000000e+02,1.0201210344911862e+00,9.9152715227859067e-01,1.0468060549566141e+00
2.7700000000000000e+02,1.0191666036176024e+00,9.9084290152057286e-01,1.0460000696373462e+00
2.7800000000000000e+02,1.0184214855789595e+00,9.9071666682966686e-01,1.0456829824596658e+00
2.7900000000000000e+02,1.0181998246446664e+00,9.9204875598250597e-01,1.0470780373507762e+00
2.8000000000000000e+02,1.0195633966666411e+00,9.9330154447017083e-01,1.0483585322533919e+00
2.8100000000000000e+02,1.0208300383617814e+00,9.9459350222916920e-01,1.0496959064769855e+00
2.8200000000000000e+02,1.0221447043530774e+00,9.9364134224082434e-01,1.0486834181935163e+00
2.8300000000000000e+02,1.0211623802171703e+00,9.9479423953593027e-01,1.0498260847624381e+00
2.8400000000000000e+02,1.0223101621491841e+00,9.9390880678359483e-01,1.0488662690952189e+00
2.8500000000000000e+02,1.0213875379394068e+00,9.9286033627040071e-01,1.0477840717607583e+00
2.8600000000000000e+02,1.0203222040155795e+00,9.9259096662725932e-01,1.0473410739061126e+00
2.8700000000000000e+02,1.0199660202666860e+00,9.9385712537714277e-01,1.0486491019887725e+00
2.8800000000000000e+02,1.0212531136829577e+00,9.9408476760520581e-01,1.0486896743638743e+00
2.8900000000000000e+02,1.0213872209845400e+00,9.9532543201398571e-01,1.0499640986245673e+00
2.9000000000000000e+02,1.0226447653192765e+00,9.9543494817665457e-01,1.0498858874967119e+00
2.9100000000000000e+02,1.0226604178366832e+00,9.9549381850043550e-01,1.0497584478525688e+00
2.9200000000000000e+02,1.0226261331765021e+00,9.9645018432624988e-01,1.0506503960346334e+00
2.9300000000000000e+02,1.0235502901804416e+00,9.9563675433606968e-01,1.0497558865747689e+00
2.9400000000000000e+02,1.0226963204554194e+00,9.9527283623380591e-01,1.0492362153798072e+00
2.9500000000000000e+02,1.0222545258068065e+00,9.9634639542325021e-01,1.0502880044898688e+00
2.9600000000000000e+02,1.0233171999565596e+00,9.9593057179613043e-01,1.0497246861045815e+00
2.9700000000000000e+02,1.0228276289503559e+00,9.9564075949124309e-01,1.0492739350116524e+00
2.9800000000000000e+02,1.0224573472514478e+00,9.9470219820631633e-01,1.0482884150023153e+00
2.9900000000000000e+02,1.0214953066043158e+00,9.9402261167876160e-01,1.0475066943356772e+00
3.0000000000000000e+02,1.0207646530072194e+00,9.9494443667954235e-01,1.0483644394554819e+00
3.0100000000000000e+02,1.0216544380675121e+00,9.9493206718397009e-01,1.0481766233938352e+00
3.0200000000000000e+02,1.0215543452889027e+00,9.9470655795108887e-01,1.0477889512309213e+00
3.0300000000000000e+02,1.0212477545910050e+00,9.9528044527651371e-01,1.0482251284950423e+00
3.0400000000000000e+02,1.0217527868857781e+00,9.9458270987437514e-01,1.0474341452265197e+00
3.0500000000000000e+02,1.0210084275504474e+00,9.9358808793035536e-01,1.0464141073108957e+00
3.0600000000000000e+02,1.0200010976206255e+00,9.9364699851969374e-01,1.0463010527662004e+00
3.0700000000000000e+02,1.0199740256429470e+00,9.9388414714103990e-01,1.0463706795670649e+00
3.0800000000000000e+02,1.0201274133540523e+00,9.9303260514496916e-01,1.0454624784575874e+00
3.0900000000000000e+02,1.0192475418012783e+00,9.9423510616772204e-01,1.0467164449070838e+00
3.1000000000000000e+02,1.0204757755374030e+00,9.9415986258842526e-01,1.0464760960573158e+00
3.1100000000000000e+02,1.0203179793228705e+00,9.9528265529082005e-01,1.0476194019181577e+00
3.1200000000000000e+02,1.0214510286044889e+00,9.9562710883175953e-01,1.0478070345600148e+00
3.1300000000000000e+02,1.0217170716958872e+00,9.9488373816256648e-01,1.0469873406508596e+00
3.1400000000000000e+02,1.0209355394067130e+00,9.9485189609193692e-01,1.0467919930073730e+00
3.1500000000000000e+02,1.0208219445496549e+00,9.9401384890791600e-01,1.0459001259901928e+00
3.1600000000000000e+02,1.0199569874490544e+00,9.9306946766661608e-01,1.0449278727448885e+00
3.1700000000000000e+02,1.0189986702057523e+00,9.9352055044486676e-01,1.0452372959612224e+00
3.1800000000000000e+02,1.0193789232030446e+00,9.9468924941268244e-01,1.0464549360328859e+00
3.1900000000000000e+02,1.0205720927227842e+00,9.9399320069820218e-01,1.0456776046097924e+00
3.2000000000000000e+02,1.0198354026539973e+00,9.9515398093512686e-01,1.0468854511476093e+00
3.2100000000000000e+02,1.0210197160413681e+00,9.9446609514879536e-01,1.0461157326885868e+00
3.2200000000000000e+02,1.0202909139186911e+00,9.9375804804283030e-01,1.0453306234298498e+00
3.2300000000000000e+02,1.0195443357363401e+00,9.9480400600757968e-01,1.0463807831346621e+00
3.2400000000000000e+02,1.0205923945711208e+00,9.9571611248454917e-01,1.0472525632553757e+00
3.2500000000000000e+02,1.0214843378699625e+00,9.9502454192647560e-01,1.0464824684776297e+00
3.2600000000000000e+02,1.0207535052020527e+00,9.9616260991623096e-01,1.0476635364836171e+00
3.2700000000000000e+02,1.0219130731999240e+00,9.9583597431656934e-01,1.0472029907088316e+00
3.2800000000000000e+02,1.0215194825127005e+00,9.9534308758383983e-01,1.0465989460474736e+00
3.2900000000000000e+02,1.0209710168156567e+00,9.9452156499393818e-01,1.0457291812776750e+00
3.3000000000000000e+02,1.0201253731358066e+00,9.9392382838325455e-01,1.0450389250859975e+00
3.3100000000000000e+02,1.0194813767346260e+00,9.9366439506464244e-01,1.0446417296182464e+00
3.3200000000000000e+02,1.0191530623414444e+00,9.9342761028291526e-01,1.0442659939053058e+00
3.3300000000000000e+02,1.0188468020941106e+00,9.9415247205252721e-01,1.0449093194725074e+00
3.3400000000000000e+02,1.0195308957625173e+00,9.9506937131008943e-01,1.0457979124903374e+00
3.3500000000000000e+02,1.0204336419002134e+00,9.9526879864050100e-01,1.0458487330909760e+00
3.3600000000000000e+02,1.0205587658657385e+00,9.9570626166280696e-01,1.0461572340355525e+00
3.3700000000000000e+02,1.0209317478491797e+00,9.9586177889962590e-01,1.0461644968158699e+00
3.3800000000000000e+02,1.0210131378577478e+00,9.9501475977756193e-01,1.0452830404633571e+00
3.3900000000000000e+02,1.0201489001204596e+00,9.9429429600900998e-01,1.0445009224320578e+00
3.4000000000000000e+02,1.0193976092205339e+00,9.9335446447696452e-01,1.0435503811575533e+00
3.4100000000000000e+02,1.0184524228172589e+00,9.9270026443461012e-01,1.0428224523400529e+00
3.4200000000000000e+02,1.0177613583873315e+00,9.9232297182640938e-01,1.0423281349981945e+00
3.4300000000000000e+02,1.0173255534123020e+00,9.9234314517946132e-01,1.0422033647349767e+00
3.4400000000000000e+02,1.0172732549572190e+00,9.9251152098418360e-01,1.0422286631018098e+00
3.4500000000000000e+02,1.0173700920429967e+00,9.9182095424767691e-01,1.0414749287559351e+00
3.4600000000000000e+02,1.0166479415018059e+00,9.9245460421188936e-01,1.0420191188609014e+00
3.4700000000000000e+02,1.0172368615363954e+00,9.9201951132044153e-01,1.0414784795182177e+00
3.4800000000000000e+02,1.0167489954193296e+00,9.9129612130912625e-01,1.0407007988687649e+00
3.4900000000000000e+02,1.0159984600889456e+00,9.9087209837898682e-01,1.0401709784276880e+00
3.5000000000000000e+02,1.0155215384033374e+00,9.9125701985717685e-01,1.0404316848625532e+00
3.5100000000000000e+02,1.0158443523598650e+00,9.9224309115798537e-01,1.0414319190592649e+00
3.5200000000000000e+02,1.0168375051086251e+00,9.9162198397996493e-01,1.0407388579929555e+00
3.5300000000000000e+02,1.0161804209864602e+00,9.9220053264268093e-01,1.0412227825226614e+00
3.5400000000000000e+02,1.0167116575826711e+00,9.9316577583572385e-01,1.0421971085907942e+00
3.5500000000000000e+02,1.0176814422132590e+00,9.9245829527942220e-01,1.0414362819469321e+00
3.5600000000000000e+02,1.0169472886131772e+00,9.9197491954222550e-01,1.0408597488368385e+00
3.5700000000000000e+02,1.0164173341895320e+00,9.9301727936057171e-01,1.0419427142870465e+00
3.5800000000000000e+02,1.0174799968238091e+00,9.9259674380048479e-01,1.0414207566167588e+00
3.5900000000000000e+02,1.0170087502086218e+00,9.9230767902966410e-01,1.0410150552331194e+00
3.6000000000000000e+02,1.0166613671313918e+00,9.9169923830187923e-01,1.0403369213971803e+00
3.6100000000000000e+02,1.0160180798495297e+00,9.9110480943696155e-01,1.0396708397849004e+00
3.6200000000000000e+02,1.0153878246109309e+00,9.9026711586234462e-01,1.0388129282353116e+00
3.6300000000000000e+02,1.0145400220488281e+00,9.9063868563823509e-01,1.0390665948097297e+00
3.6400000000000000e+02,1.0148526402239824e+00,9.9003160967068660e-01,1.0383919519802385e+00
3.6500000000000000e+02,1.0142117808254625e+00,9.8929511479639731e-01,1.0376142965325983e+00
3.6600000000000000e+02,1.0134547056644978e+00,9.8974863902383459e-01,1.0379616505674887e+00
3.6700000000000000e+02,1.0138551447956616e+00,9.9063813661860334e-01,1.0388452135966955e+00
3.6800000000000000e+02,1.0147416751076495e+00,9.9132531247116229e-01,1.0394703106471790e+00
3.6900000000000000e+02,1.0153978115591706e+00,9.9195238894488047e-01,1.0400227359164258e+00
3.7000000000000000e+02,1.0159875624306531e+00,9.9144467092839172e-01,1.0394335039391296e+00
3.7100000000000000e+02,1.0154390874337607e+00,9.9149094329801490e-01,1.0393508271133038e+00
3.7200000000000000e+02,1.0154208852056594e+00,9.9115965848175647e-01,1.0389148512416535e+00
3.7300000000000000e+02,1.0150372548617050e+00,9.9216774070804070e-01,1.0399653928796890e+00
3.7400000000000000e+02,1.0160665667938649e+00,9.9288409241474862e-01,1.0406309633988717e+00
3.7500000000000000e+02,1.0167575279068102e+00,9.9350970995055332e-01,1.0411855981391407e+00
3.7600000000000000e+02,1.0173476540448469e+00,9.9333712572051591e-01,1.0408951880057520e+00
3.7700000000000000e+02,1.0171161568631339e+00,9.9320284222998867e-01,1.0406411783619249e+00
3.7800000000000000e+02,1.0169220102959569e+00,9.9260982854059121e-01,1.0399860333415476e+00
3.7900000000000000e+02,1.0162979309410693e+00,9.9185094326862799e-01,1.0391992353250359e+00
3.8000000000000000e+02,1.0155250892968319e+00,9.9110095155008393e-01,1.0384197684141863e+00
3.8100000000000000e+02,1.0147603599821351e+00,9.9208894655712887e-01,1.0394487348732036e+00
3.8200000000000000e+02,1.0157688407151662e+00,9.9214237817798279e-01,1.0393785231137864e+00
3.8300000000000000e+02,1.0157604506458846e+00,9.9312322158755595e-01,1.0403989273570988e+00
3.8400000000000000e+02,1.0167610744723274e+00,9.9253666401240159e-01,1.0397514096639424e+00
3.8500000000000000e+02,1.0161440368381720e+00,9.9216425689535936e-01,1.0392852802489378e+00
3.8600000000000000e+02,1.0157247685721487e+00,9.9264727390321850e-01,1.0396777715129968e+00
3.8700000000000000e+02,1.0161625227081077e+00,9.9192288264545458e-01,1.0389216058269981e+00
3.8800000000000000e+02,1.0154222442362264e+00,9.9288946745090323e-01,1.0399258385445171e+00
3.8900000000000000e+02,1.0164076529977102e+00,9.9308601611672609e-01,1.0400048824978048e+00
3.9000000000000000e+02,1.0165454493072654e+00,9.9383543880686120e-01,1.0407223076884511e+00
3.9100000000000000e+02,1.0172788732476561e+00,9.9346292076996190e-01,1.0402588034639730e+00
3.9200000000000000e+02,1.0168608621169675e+00,9.9371379566084650e-01,1.0403968116624804e+00
3.9300000000000000e+02,1.0170553036616634e+00,9.9456941129237475e-01,1.0412545709847225e+00
3.9400000000000000e+02,1.0179119911385486e+00,9.9496105344473607e-01,1.0415472876948522e+00
3.9500000000000000e+02,1.0182541705697941e+00,9.9578790780734328e-01,1.0423683264719108e+00
3.9600000000000000e+02,1.0190781171396270e+00,9.9575719859963052e-01,1.0422215846505665e+00
3.9700000000000000e+02,1.0189893916250985e+00,9.9506716097090686e-01,1.0414974045502876e+00
3.9800000000000000e+02,1.0182822827605973e+00,9.9598468730641676e-01,1.0424417478533954e+00
3.9900000000000000e+02,1.0192132175799060e+00,9.9593048059256439e-01,1.0422734454071705e+00
4.0000000000000000e+02,1.0191019629998674e+00,9.9545940090556673e-01,1.0417294799992434e+00
4.0100000000000000e+02,1.0185944404524050e+00,9.9611076655441011e-01,1.0423308450879007e+00
4.0200000000000000e+02,1.0192208058211554e+00,9.9576037206313284e-01,1.0418916608529003e+00
4.0300000000000000e+02,1.0188260164580165e+00,9.9668695587531198e-01,1.0428520769592458e+00
4.0400000000000000e+02,1.0197695164172789e+00,9.9582822530931348e-01,1.0420008510389183e+00
4.0500000000000000e+02,1.0189145381741158e+00,9.9619208125729763e-01,1.0422675162626278e+00
4.0600000000000000e+02,1.0192297987599628e+00,9.9691369003489438e-01,1.0429590945892593e+00
4.0700000000000000e+02,1.0199363923120768e+00,9.9637035591868950e-01,1.0423575480390046e+00
4.0800000000000000e+02,1.0193639519788471e+00,9.9639696896589647e-01,1.0422718686800267e+00
4.0900000000000000e+02,1.0193344188229616e+00,9.9596114573796646e-01,1.0417616152963207e+00
4.1000000000000000e+02,1.0188613805171436e+00,9.9652422433618126e-01,1.0422605304936994e+00
4.1100000000000000e+02,1.0193923774149403e+00,9.9741227758216044e-01,1.0431736075891733e+00
4.1200000000000000e+02,1.0202929425856668e+00,9.9725706235938494e-01,1.0429147848311358e+00
4.1300000000000000e+02,1.0200859235952604e+00,9.9706037165434980e-01,1.0426180508320479e+00
4.1400000000000000e+02,1.0198392112431989e+00,9.9661076308330765e-01,1.0420982665332739e+00
4.1500000000000000e+02,1.0193545148082908e+00,9.9599492158896663e-01,1.0414414223608464e+00
4.1600000000000000e+02,1.0187181719749066e+00,9.9600534524521667e-01,1.0413431874876231e+00
4.1700000000000000e+02,1.0186742663664199e+00,9.9567035887999156e-01,1.0409238375317891e+00
4.1800000000000000e+02,1.0182970982058903e+00,9.9577805690107213e-01,1.0409240260459167e+00
4.1900000000000000e+02,1.0183510414734944e+00,9.9512519945980005e-01,1.0402396881750420e+00
4.2000000000000000e+02,1.0176824438174210e+00,9.9458002522740818e-01,1.0396428452972626e+00
4.2100000000000000e+02,1.0171114352623354e+00,9.9414256439058557e-01,1.0391365482517829e+00
4.2200000000000000e+02,1.0166395563211843e+00,9.9495470438571032e-01,1.0399557873799419e+00
4.2300000000000000e+02,1.0174552458828261e+00,9.9424174628494200e-01,1.0392255100386176e+00
4.2400000000000000e+02,1.0167336281617798e+00,9.9473322845103429e-01,1.0396467004094965e+00
4.2500000000000000e+02,1.0171899644302653e+00,9.9423847099839180e-01,1.0390934568575487e+00
4.2600000000000000e+02,1.0166659639279703e+00,9.9374402931076466e-01,1.0385408855551546e+00
4.2700000000000000e+02,1.0161424574329596e+00,9.9315570073235671e-01,1.0379114317466671e+00
4.2800000000000000e+02,1.0155335662395120e+00,9.9259857578773947e-01,1.0373077696266355e+00
4.2900000000000000e+02,1.0149531727071874e+00,9.9260780306909313e-01,1.0372133339509615e+00
4.3000000000000000e+02,1.0149105685100273e+00,9.9330199694372556e-01,1.0378842007466780e+00
4.3100000000000000e+02,1.0155930988452018e+00,9.9343604116190998e-01,1.0379162336988530e+00
4.3200000000000000e+02,1.0156761374303815e+00,9.9296521724716347e-01,1.0373859412314184e+00
4.3300000000000000e+02,1.0151755792392909e+00,9.9227641708445558e-01,1.0366789498979017e+00
4.3400000000000000e+02,1.0144776834911786e+00,9.9167851968800080e-01,1.0360446110938679e+00
4.3500000000000000e+02,1.0138615653909344e+00,9.9123125983762173e-01,1.0355351988743937e+00
4.3600000000000000e+02,1.0133832293560077e+00,9.9132722593071509e-01,1.0355301412426723e+00
4.3700000000000000e+02,1.0134286835866937e+00,9.9100171183464103e-01,1.0351267854358055e+00
4.3800000000000000e+02,1.0130642486352233e+00,9.9038055100908551e-01,1.0344755311316094e+00
4.3900000000000000e+02,1.0124280410703475e+00,9.8992617553216078e-01,1.0339617498319442e+00
4.4000000000000000e+02,1.0119439626820526e+00,9.8984641962176689e-01,1.0337850095379773e+00
4.4100000000000000e+02,1.0118157145798721e+00,9.8984933273999509e-01,1.0336888938112234e+00
4.4200000000000000e+02,1.0117691132756093e+00,9.9043450759762020e-01,1.0342307206229677e+00
4.4300000000000000e+02,1.0123326141102940e+00,9.8992701059341814e-01,1.0336742057083732e+00
4.4400000000000000e+02,1.0118006081508957e+00,9.9074853780456051e-01,1.0345191911203053e+00
4.4500000000000000e+02,1.0126338644624329e+00,9.9057360482513057e-01,1.0342545941883048e+00
4.4600000000000000e+02,1.0124140995067177e+00,9.9007554477307202e-01,1.0337068770026847e+00
4.4700000000000000e+02,1.0118912108878784e+00,9.8974243591153366e-01,1.0333004464544402e+00
4.4800000000000000e+02,1.0115214411829869e+00,9.9029267479406546e-01,1.0338024724633901e+00
4.4900000000000000e+02,1.0120475736287278e+00,9.8982304591021841e-01,1.0332796170747216e+00
4.5000000000000000e+02,1.0115513314924700e+00,9.8961296674648735e-01,1.0329844626456270e+00
4.5100000000000000e+02,1.0112987146960573e+00,9.8960685705340679e-01,1.0328829116185636e+00
4.5200000000000000e+02,1.0112448843359851e+00,9.8934118166083684e-01,1.0325382349847774e+00
4.5300000000000000e+02,1.0109397083228071e+00,9.8987290236371672e-01,1.0330205006207134e+00
4.5400000000000000e+02,1.0114467014922151e+00,9.9007088305973912e-01,1.0331277998741422e+00
4.5500000000000000e+02,1.0115993414669406e+00,9.8979061569549975e-01,1.0327711991251476e+00
4.5600000000000000e+02,1.0112809074103237e+00,9.9034295808608752e-01,1.0332797600325585e+00
4.5700000000000000e+02,1.0118113590593230e+00,9.9117321734987640e-01,1.0341446178636386e+00
4.5800000000000000e+02,1.0126589176067575e+00,9.9075332415956197e-01,1.0336670881793151e+00
4.5900000000000000e+02,1.0122102061694385e+00,9.9041229265535280e-01,1.0332579464249965e+00
4.6000000000000000e+02,1.0118351195401747e+00,9.8999157716946096e-01,1.0327804429213479e+00
4.6100000000000000e+02,1.0113860100454044e+00,9.9037070630674762e-01,1.0330881245441086e+00
4.6200000000000000e+02,1.0117294154254282e+00,9.9006956127802193e-01,1.0327151457717942e+00
4.6300000000000000e+02,1.0113923535249081e+00,9.9088994134055741e-01,1.0335697986681993e+00
4.6400000000000000e+02,1.0122298700043784e+00,9.9023446444202212e-01,1.0329013453919811e+00
4.6500000000000000e+02,1.0115679049170017e+00,9.9061309546567800e-01,1.0332096541294493e+00
4.6600000000000000e+02,1.0119113747975637e+00,9.9009203580151928e-01,1.0326500114805737e+00
4.6700000000000000e+02,1.0113710236410465e+00,9.9039787444594962e-01,1.0328777622317804e+00
4.6800000000000000e+02,1.0116378183388650e+00,9.9120630466738580e-01,1.0337183977392119e+00
4.6900000000000000e+02,1.0124623512032989e+00,9.9067186968566245e-01,1.0331485691208582e+00
4.7000000000000000e+02,1.0119102194032603e+00,9.9078244340064336e-01,1.0331697436364882e+00
4.7100000000000000e+02,1.0119760935185658e+00,9.9035040215229908e-01,1.0326858935148626e+00
4.7200000000000000e+02,1.0115181478335808e+00,9.9067761432102919e-01,1.0329388709069798e+00
4.7300000000000000e+02,1.0118082426140045e+00,9.9072971819559486e-01,1.0329018263193832e+00
4.7400000000000000e+02,1.0118157722574890e+00,9.9112290798135516e-01,1.0332299208999705e+00
4.7500000000000000e+02,1.0121764144406629e+00,9.9143086163548566e-01,1.0334627524980380e+00
4.7600000000000000e+02,1.0124468070667618e+00,9.9092071498105716e-01,1.0329155465417343e+00
4.7700000000000000e+02,1.0119181307613958e+00,9.9092329038833926e-01,1.0328305771515229e+00
4.7800000000000000e+02,1.0118769337699312e+00,9.9096590014004260e-01,1.0327856980228529e+00
4.7900000000000000e+02,1.0118757990814478e+00,9.9158252633248356e-01,1.0333828046354792e+00
4.8000000000000000e+02,1.0124826654839814e+00,9.9111460306815469e-01,1.0328719737078500e+00
4.8100000000000000e+02,1.0119932883880023e+00,9.9138965975305626e-01,1.0330707215487271e+00
4.8200000000000000e+02,1.0122301906508917e+00,9.9085242952807484e-01,1.0325033803161945e+00
4.8300000000000000e+02,1.0116779049221347e+00,9.9023439716768535e-01,1.0318712976902220e+00
4.8400000000000000e+02,1.0110528474289537e+00,9.8951880217346699e-01,1.0311632444897505e+00
4.8500000000000000e+02,1.0103410233316088e+00,9.8990830976309874e-01,1.0314907702377500e+00
4.8600000000000000e+02,1.0106995400004244e+00,9.9008709204669820e-01,1.0315876781844584e+00
4.8700000000000000e+02,1.0108373851155783e+00,9.9007238210005755e-01,1.0314885260746700e+00
4.8800000000000000e+02,1.0107804540873637e+00,9.8977994472325115e-01,1.0311309813897460e+00
4.8900000000000000e+02,1.0104554630564986e+00,9.8967650619605740e-01,1.0309469902650958e+00
4.9000000000000000e+02,1.0103117482305766e+00,9.8905198739712885e-01,1.0303121619068762e+00
4.9100000000000000e+02,1.0096820746520025e+00,9.8918959958696240e-01,1.0303676476801518e+00
4.9200000000000000e+02,1.0097786236335571e+00,9.8969504635337668e-01,1.0308335559661412e+00
4.9300000000000000e+02,1.0102643011597590e+00,9.8972561421204375e-01,1.0307808703297905e+00
4.9400000000000000e+02,1.0102532422709172e+00,9.9049629483597690e-01,1.0315843820696515e+00
4.9500000000000000e+02,1.0110403384528142e+00,9.9038608876959211e-01,1.0313955180588019e+00
4.9600000000000000e+02,1.0108908034141970e+00,9.8991203356630764e-01,1.0308843829890038e+00
4.9700000000000000e+02,1.0103982082776557e+00,9.9032486367871020e-01,1.0312428153907758e+00
4.9800000000000000e+02,1.0107838395347430e+00,9.9031161056827655e-01,1.0311481094778312e+00
4.9900000000000000e+02,1.0107298600230539e+00,9.9096592813147333e-01,1.0318010540139479e+00
5.0000000000000000e+02,1.0113834910727106e+00,9.9047230568567590e-01,1.0312748178995870e+00
5.0100000000000000e+02,1.0108735617926314e+00,9.9123160599808036e-01,1.0320658206051709e+00
5.0200000000000000e+02,1.0116487133016256e+00,9.9163558765174253e-01,1.0324153165656076e+00
5.0300000000000000e+02,1.0120254521086751e+00,9.9219710854964038e-01,1.0329527705553345e+00
5.0400000000000000e+02,1.0125749395524875e+00,9.9288416953247660e-01,1.0336492372945254e+00
5.0500000000000000e+02,1.0132667034135010e+00,9.9363377399958297e-01,1.0344282229325039e+00
5.0600000000000000e+02,1.0140309984660434e+00,9.9325231326401364e-01,1.0339973568837657e+00
5.0700000000000000e+02,1.0136248350738897e+00,9.9398715997017861e-01,1.0347571727646501e+00
5.0800000000000000e+02,1.0143721663674143e+00,9.9343197848622833e-01,1.0341820386340626e+00
5.0900000000000000e+02,1.0138070085601454e+00,9.9289586624181458e-01,1.0336225612153513e+00
5.1000000000000000e+02,1.0132592137285830e+00,9.9286904283278454e-01,1.0335168660182295e+00
5.1100000000000000e+02,1.0131929544255069e+00,9.9301174285657268e-01,1.0335822211465506e+00
5.1200000000000000e+02,1.0132969820015616e+00,9.9295262108650451e-01,1.0334458243885087e+00
5.1300000000000000e+02,1.0131992227375066e+00,9.9269491091207851e-01,1.0331251958601593e+00
5.1400000000000000e+02,1.0129100533861188e+00,9.9324059152232536e-01,1.0336464106966690e+00
5.1500000000000000e+02,1.0134435011094971e+00,9.9312805063001297e-01,1.0334598173092757e+00
5.1600000000000000e+02,1.0132939339696443e+00,9.9287794296287701e-01,1.0331467975792981e+00
5.1700000000000000e+02,1.0130123702710876e+00,9.9251458636545353e-01,1.0327343961060631e+00
5.1800000000000000e+02,1.0126244912357583e+00,9.9233165621534458e-01,1.0324829795966697e+00
5.1900000000000000e+02,1.0124073179060071e+00,9.9305953984795403e-01,1.0332388221626285e+00
5.2000000000000000e+02,1.0131491810052913e+00,9.9266228951902669e-01,1.0327980130629406e+00
5.2100000000000000e+02,1.0127301512909836e+00,9.9250687984786123e-01,1.0325726528468460e+00
5.2200000000000000e+02,1.0125397663473537e+00,9.9251145463649582e-01,1.0325008367909985e+00
5.2300000000000000e+02,1.0125061457137472e+00,9.9315328078028386e-01,1.0331457991266704e+00
5.2400000000000000e+02,1.0131495399534771e+00,9.9267694471179579e-01,1.0326396221451142e+00
5.2500000000000000e+02,1.0126582834284550e+00,9.9230528010676478e-01,1.0322219197519127e+00
5.2600000000000000e+02,1.0122635999293388e+00,9.9239126851895965e-01,1.0322326148094549e+00
5.2700000000000000e+02,1.0123119416642072e+00,9.9215406482735535e-01,1.0319338028046223e+00
5.2800000000000000e+02,1.0120439338159888e+00,9.9283936449687027e-01,1.0326368657338076e+00
5.2900000000000000e+02,1.0127381151153390e+00,9.9237569956550287e-01,1.0321423928802131e+00
5.3000000000000000e+02,1.0122590462228580e+00,9.9205366980921983e-01,1.0317688355689894e+00
5.3100000000000000e+02,1.0119112526891045e+00,9.9216780523971071e-01,1.0318094769840265e+00
5.3200000000000000e+02,1.0119886411118686e+00,9.9180319391572302e-01,1.0313995475446838e+00
5.3300000000000000e+02,1.0116013707302034e+00,9.9128534510764243e-01,1.0308615847435774e+00
5.3400000000000000e+02,1.0110734649256099e+00,9.9070254585858886e-01,1.0302715168835583e+00
5.3500000000000000e+02,1.0104870313710737e+00,9.9071427666316614e-01,1.0302095474949480e+00
5.3600000000000000e+02,1.0104619120790570e+00,9.9060417693739866e-01,1.0300299801243846e+00
5.3700000000000000e+02,1.0103170785308917e+00,9.9030643197334534e-01,1.0296794234281674e+00
5.3800000000000000e+02,1.0099929277007564e+00,9.9048398665973703e-01,1.0297879214075010e+00
5.3900000000000000e+02,1.0101359540336190e+00,9.9109383472793833e-01,1.0303975964251391e+00
5.4000000000000000e+02,1.0107457155765387e+00,9.9056970281623291e-01,1.0298562529004813e+00
5.4100000000000000e+02,1.0102129778583571e+00,9.9010224735245833e-01,1.0293615472831346e+00
5.4200000000000000e+02,1.0097318973177964e+00,9.9080243226890796e-01,1.0300890229074831e+00
5.4300000000000000e+02,1.0104457275881955e+00,9.9065203297546500e-01,1.0298729703826317e+00
5.4400000000000000e+02,1.0102625016790483e+00,9.9063940337884282e-01,1.0297888343148716e+00
5.4500000000000000e+02,1.0102141188468572e+00,9.9019238640172280e-01,1.0293119694770712e+00
5.4600000000000000e+02,1.0097521779393970e+00,9.8964962580807436e-01,1.0287568305236718e+00
5.4700000000000000e+02,1.0092032281658732e+00,9.8929766188541901e-01,1.0283609609393118e+00
5.4800000000000000e+02,1.0088293114123654e+00,9.8972820464682099e-01,1.0287536594982980e+00
5.4900000000000000e+02,1.0092409320725595e+00,9.8975336627835575e-01,1.0287078866659625e+00
5.5000000000000000e+02,1.0092306264721591e+00,9.8944674504451235e-01,1.0283521907539308e+00
5.5100000000000000e+02,1.0088994678992216e+00,9.9014099797728927e-01,1.0290749687345626e+00
5.5200000000000000e+02,1.0096079833559259e+00,9.9041075886825836e-01,1.0292857132155093e+00
5.5300000000000000e+02,1.0098482360418839e+00,9.9033357769400754e-01,1.0291407977067761e+00
5.5400000000000000e+02,1.0097371877003918e+00,9.9030268605642935e-01,1.0290408306779202e+00
5.5500000000000000e+02,1.0096717583671748e+00,9.9096948717311939e-01,1.0297288643035269e+00
5.5600000000000000e+02,1.0103491757383232e+00,9.9105066603714331e-01,1.0297408876790151e+00
5.5700000000000000e+02,1.0103957768580791e+00,9.9089446111840884e-01,1.0295223175998156e+00
5.5800000000000000e+02,1.0102083893591123e+00,9.9136397568111456e-01,1.0299639924854260e+00
5.5900000000000000e+02,1.0106639840832703e+00,9.9203474437224948e-01,1.0306584681312962e+00
5.6000000000000000e+02,1.0113466062517729e+00,9.9150773207091414e-01,1.0301191152963407e+00
5.6100000000000000e+02,1.0108134236836275e+00,9.9104364218067764e-01,1.0296313646885908e+00
5.6200000000000000e+02,1.0103375034346342e+00,9.9120916400700387e-01,1.0297318695147724e+00
5.6300000000000000e+02,1.0104705167608881e+00,9.9188153411574931e-01,1.0304293900784403e+00
5.6400000000000000e+02,1.0111554620970948e+00,9.9186653797348168e-01,1.0303466436683779e+00
5.6500000000000000e+02,1.0111065908209298e+00,9.9218370375706211e-01,1.0306128041553664e+00
5.6600000000000000e+02,1.0113982539562143e+00,9.9242575163804503e-01,1.0307961179927529e+00
5.6700000000000000e+02,1.0116109348153990e+00,9.9209706457075597e-01,1.0304244245105323e+00
5.6800000000000000e+02,1.0112607445406441e+00,9.9245572996119436e-01,1.0307383976445923e+00
5.6900000000000000e+02,1.0115970638028933e+00,9.9226982173926204e-01,1.0304945903136231e+00
5.7000000000000000e+02,1.0113822060264426e+00,9.9285905350776005e-01,1.0310869712519197e+00
5.7100000000000000e+02,1.0119730123798398e+00,9.9269407570945145e-01,1.0308627706422371e+00
5.7200000000000000e+02,1.0117784231758442e+00,9.9243930635218047e-01,1.0305571868991363e+00
5.7300000000000000e+02,1.0114982466256583e+00,9.9188053671556264e-01,1.0299952457259101e+00
5.7400000000000000e+02,1.0109378912207363e+00,9.9204354932312000e-01,1.0300954634924075e+00
5.7500000000000000e+02,1.0110695064077637e+00,9.9155481353743402e-01,1.0295904774371727e+00
5.7600000000000000e+02,1.0105726454873034e+00,9.9207269136162335e-01,1.0300952059781845e+00
5.7700000000000000e+02,1.0110839486699039e+00,9.9202458533496807e-01,1.0299826214181416e+00
5.7800000000000000e+02,1.0110036033765548e+00,9.9237942619028030e-01,1.0302943828489159e+00
5.7900000000000000e+02,1.0113369045195981e+00,9.9202729223407471e-01,1.0299047420488632e+00
5.8000000000000000e+02,1.0109660171414689e+00,9.9232347973265889e-01,1.0301506339233271e+00
5.8100000000000000e+02,1.0112370568279929e+00,9.9226897629613409e-01,1.0300326461103777e+00
5.8200000000000000e+02,1.0111508112032559e+00,9.9221553337953938e-01,1.0299159015814034e+00
5.8300000000000000e+02,1.0110657174804714e+00,9.9171286001149894e-01,1.0294013530754063e+00
5.8400000000000000e+02,1.0105571065434527e+00,9.9236566948130733e-01,1.0300799723011753e+00
5.8500000000000000e+02,1.0112228208912413e+00,9.9253162139037643e-01,1.0301853134727095e+00
5.8600000000000000e+02,1.0113584674315430e+00,9.9210065728260843e-01,1.0297302293786184e+00
5.8700000000000000e+02,1.0109154433306133e+00,9.9162211772797659e-01,1.0292359672115030e+00
5.8800000000000000e+02,1.0104290424697397e+00,9.9147197350607374e-01,1.0290284925882713e+00
5.8900000000000000e+02,1.0102502330471725e+00,9.9096189513127486e-01,1.0285089382078163e+00
5.9000000000000000e+02,1.0097354166695456e+00,9.9141788209550330e-01,1.0289417861042864e+00
5.9100000000000000e+02,1.0101798340998949e+00,9.9113055188123411e-01,1.0286106451026931e+00
5.9200000000000000e+02,1.0098705984919636e+00,9.9175494442055678e-01,1.0292541215256683e+00
5.9300000000000000e+02,1.0105045329731126e+00,9.9210650994009897e-01,1.0295650296115861e+00
5.9400000000000000e+02,1.0108357697758426e+00,9.9247486377965821e-01,1.0298954575248875e+00
5.9500000000000000e+02,1.0111851606522728e+00,9.9307009985860906e-01,1.0305019609328905e+00
5.9600000000000000e+02,1.0117860303957498e+00,9.9325517671414143e-01,1.0306293473445789e+00
5.9700000000000000e+02,1.0119422620293601e+00,9.9274574396179338e-01,1.0301116001530628e+00
5.9800000000000000e+02,1.0114286720574281e+00,9.9241414023489849e-01,1.0297428225935916e+00
5.9900000000000000e+02,1.0110784814142451e+00,9.9305026112083694e-01,1.0304031067696056e+00
6.0000000000000000e+02,1.0117266839452213e+00,9.9338989250426912e-01,1.0307015143871383e+00
6.0100000000000000e+02,1.0120457034457038e+00,9.9299796162688092e-01,1.0302815238032725e+00
6.0200000000000000e+02,1.0116397427150767e+00,9.9275948188303831e-01,1.0299953896762908e+00
6.0300000000000000e+02,1.0113774357796645e+00,9.9231258017931978e-01,1.0295297672757555e+00
6.0400000000000000e+02,1.0109211737275376e+00,9.9293797827743135e-01,1.0301771615753239e+00
6.0500000000000000e+02,1.0115575699263777e+00,9.9262566583633349e-01,1.0298260898629956e+00
6.0600000000000000e+02,1.0112258778496646e+00,9.9213432772827004e-01,1.0293243507169347e+00
6.0700000000000000e+02,1.0107293392226024e+00,9.9161193768885891e-01,1.0287975967390381e+00
6.0800000000000000e+02,1.0102047672139485e+00,9.9128755255204859e-01,1.0284364198690510e+00
6.0900000000000000e+02,1.0098619862105498e+00,9.9104729732350993e-01,1.0281496244232458e+00
6.1000000000000000e+02,1.0095984608733779e+00,9.9133452499861352e-01,1.0283905668569753e+00
6.1100000000000000e+02,1.0098625459277943e+00,9.9127471547909562e-01,1.0282718600340925e+00
6.1200000000000000e+02,1.0097732877565941e+00,9.9088625330569780e-01,1.0278565670604938e+00
6.1300000000000000e+02,1.0093714101830957e+00,9.9110119496784965e-01,1.0280186820341732e+00
6.1400000000000000e+02,1.0095599385010114e+00,9.9148071850967301e-01,1.0283656246655550e+00
6.1500000000000000e+02,1.0099231715876140e+00,9.9206803481878925e-01,1.0289665081013140e+00
6.1600000000000000e+02,1.0105172714600517e+00,9.9189250690384290e-01,1.0287396063823615e+00
6.1700000000000000e+02,1.0103160566431022e+00,9.9141788164616129e-01,1.0282534455261731e+00
6.1800000000000000e+02,1.0098356635861672e+00,9.9098458199015294e-01,1.0278014795041337e+00
6.1900000000000000e+02,1.0093930307471433e+00,9.9059914611249256e-01,1.0273897952998856e+00
6.2000000000000000e+02,1.0089944707061891e+00,9.9066385574221705e-01,1.0273955197237303e+00
6.2100000000000000e+02,1.0090296877329736e+00,9.9107946087681131e-01,1.0277860351834391e+00
6.2200000000000000e+02,1.0094327480301253e+00,9.9162320935415849e-01,1.0283330704487854e+00
6.2300000000000000e+02,1.0099781399014720e+00,9.9223681014710363e-01,1.0289695083709627e+00
6.2400000000000000e+02,1.0106031592590332e+00,9.9283404019327670e-01,1.0295847564687428e+00
6.2500000000000000e+02,1.0112093983310098e+00,9.9243682088172303e-01,1.0291637992856528e+00
6.2600000000000000e+02,1.0108003100836880e+00,9.9253987695573231e-01,1.0292094358907007e+00
6.2700000000000000e+02,1.0108746564232165e+00,9.9273339274733985e-01,1.0293504209703004e+00
6.2800000000000000e+02,1.0110419068588201e+00,9.9334080336076314e-01,1.0299797610262593e+00
6.2900000000000000e+02,1.0116602821935112e+00,9.9311270303102406e-01,1.0297066695885881e+00
6.3000000000000000e+02,1.0114096863098061e+00,9.9343626362388182e-01,1.0299916700035534e+00
6.3100000000000000e+02,1.0117139668137176e+00,9.9366793968588840e-01,1.0301745332481227e+00
6.3200000000000000e+02,1.0119212364670056e+00,9.9348877960611703e-01,1.0299464265369958e+00
6.3300000000000000e+02,1.0117176030715564e+00,9.9354641787445486e-01,1.0299467375485931e+00
6.3400000000000000e+02,1.0117465777115240e+00,9.9405508269111686e-01,1.0304523196151789e+00
6.3500000000000000e+02,1.0122537011531478e+00,9.9366634521819119e-01,1.0300401853121743e+00
6.3600000000000000e+02,1.0118532652651828e+00,9.9339883694579079e-01,1.0297330105546700e+00
6.3700000000000000e+02,1.0115659237502304e+00,9.9301897821716922e-01,1.0293286941684232e+00
6.3800000000000000e+02,1.0111738361927962e+00,9.9286213280940383e-01,1.0291220158789678e+00
6.3900000000000000e+02,1.0109920743441858e+00,9.9345918741701056e-01,1.0297406110347214e+00
6.4000000000000000e+02,1.0115998992258659e+00,9.9405437233340543e-01,1.0303567962655065e+00
6.4100000000000000e+02,1.0122055842994560e+00,9.9366874239998526e-01,1.0299479970184400e+00
6.4200000000000000e+02,1.0118083697092126e+00,9.9349297177167362e-01,1.0297242538332521e+00
6.4300000000000000e+02,1.0116086128024628e+00,9.9353908988867701e-01,1.0297141810735351e+00
6.4400000000000000e+02,1.0116266354811061e+00,9.9390589354647707e-01,1.0300511907020860e+00
6.4500000000000000e+02,1.0119785421242815e+00,9.9432910704555300e-01,1.0304547575515290e+00
6.4600000000000000e+02,1.0123919322985411e+00,9.9484650235107075e-01,1.0309733340905265e+00
6.4700000000000000e+02,1.0129099182207986e+00,9.9475586219490286e-01,1.0308298566333456e+00
6.4800000000000000e+02,1.0127928594141242e+00,9.9466979737581063e-01,1.0306909036583813e+00
6.4900000000000000e+02,1.0126803505170960e+00,9.9434654953207402e-01,1.0303367020408303e+00
6.5000000000000000e+02,1.0123416257864521e+00,9.9422899970562340e-01,1.0301682334050757e+00
6.5100000000000000e+02,1.0121986165553496e+00,9.9481357375985680e-01,1.0307732341001705e+00
6.5200000000000000e+02,1.0127934039300137e+00,9.9440967067469022e-01,1.0303507233483626e+00
6.5300000000000000e+02,1.0123801970115265e+00,9.9409819196574256e-01,1.0300072086862553e+00
6.5400000000000000e+02,1.0120527003259989e+00,9.9373759866307221e-01,1.0296215662701456e+00
6.5500000000000000e+02,1.0116795824666089e+00,9.9431942844188981e-01,1.0302236401980929e+00
6.5600000000000000e+02,1.0122715343199913e+00,9.9409429698830265e-01,1.0299568053495152e+00
6.5700000000000000e+02,1.0120255511689089e+00,9.9387642658432407e-01,1.0296966681321340e+00
6.5800000000000000e+02,1.0117865473582290e+00,9.9409985282591529e-01,1.0298743655682199e+00
6.5900000000000000e+02,1.0119871091970676e+00,9.9377584762289883e-01,1.0295207973897842e+00
6.6000000000000000e+02,1.0116483225063415e+00,9.9408741426114355e-01,1.0297968354655751e+00
6.6100000000000000e+02,1.0119421248633593e+00,9.9466062632464802e-01,1.0303890919111331e+00
6.6200000000000000e+02,1.0125248591178906e+00,9.9438959973300123e-01,1.0300821309853527e+00
6.6300000000000000e+02,1.0122358653591770e+00,9.9487438726277722e-01,1.0305633457228978e+00
6.6400000000000000e+02,1.0127188664928375e+00,9.9514347589506813e-01,1.0307921032323659e+00
6.6500000000000000e+02,1.0129677895637170e+00,9.9482721703076316e-01,1.0304459516977678e+00
6.6600000000000000e+02,1.0126365843642655e+00,9.9476628612882489e-01,1.0303332451843428e+00
6.6700000000000000e+02,1.0125497656565838e+00,9.9469957183670310e-01,1.0302151317130708e+00
6.6800000000000000e+02,1.0124573517748869e+00,9.9490479465703552e-01,1.0303744532836874e+00
6.6900000000000000e+02,1.0126396239703614e+00,9.9447752733260242e-01,1.0299349100075121e+00
6.7000000000000000e+02,1.0122062186700573e+00,9.9403469699827807e-01,1.0294826143160998e+00
6.7100000000000000e+02,1.0117586556571889e+00,9.9371913358611896e-01,1.0291379147523319e+00
6.7200000000000000e+02,1.0114285241692254e+00,9.9428670126006080e-01,1.0297250914319032e+00
6.7300000000000000e+02,1.0120058963459819e+00,9.9388116806306726e-01,1.0293039948283582e+00
6.7400000000000000e+02,1.0115925814457127e+00,9.9441020795204382e-01,1.0298422714521416e+00
6.7500000000000000e+02,1.0121262397020927e+00,9.9413234666281936e-01,1.0295308171864135e+00
6.7600000000000000e+02,1.0118315819246164e+00,9.9452427947637112e-01,1.0299020510633734e+00
6.7700000000000000e+02,1.0122131652698723e+00,9.9477937971055463e-01,1.0301169633988494e+00
6.7800000000000000e+02,1.0124481715547020e+00,9.9432740195612679e-01,1.0296580152496611e+00
6.7900000000000000e+02,1.0119927086028939e+00,9.9422719906986934e-01,1.0295092258594158e+00
6.8000000000000000e+02,1.0118682124646425e+00,9.9465366140716682e-01,1.0299222209651853e+00
6.8100000000000000e+02,1.0122879411861760e+00,9.9490066043946135e-01,1.0301287043034615e+00
6.8200000000000000e+02,1.0125146823714615e+00,9.9455340686391247e-01,1.0297579680929851e+00
6.8300000000000000e+02,1.0121556874784488e+00,9.9457377253803481e-01,1.0297268713930885e+00
6.8400000000000000e+02,1.0121503219655617e+00,9.9416414028247768e-01,1.0293037878408335e+00
6.8500000000000000e+02,1.0117339640616556e+00,9.9471551364613187e-01,1.0298724386991032e+00
6.8600000000000000e+02,1.0122939761726175e+00,9.9527068201064173e-01,1.0304459632714997e+00
6.8700000000000000e+02,1.0128583226410708e+00,9.9562154344020204e-01,1.0307706053210590e+00
6.8800000000000000e+02,1.0131960743806305e+00,9.9546012951210872e-01,1.0305655162168945e+00
6.8900000000000000e+02,1.0130128228645017e+00,9.9535758102700234e-01,1.0304155781262776e+00
6.9000000000000000e+02,1.0128865795766400e+00,9.9516366322492356e-01,1.0301809838830407e+00
6.9100000000000000e+02,1.0126723235539821e+00,9.9507135310046535e-01,1.0300410295937759e+00
6.9200000000000000e+02,1.0125561913471206e+00,9.9519133620388500e-01,1.0301125660001085e+00
6.9300000000000000e+02,1.0126519511019967e+00,9.9479225756075440e-01,1.0296994336590299e+00
6.9400000000000000e+02,1.0122458456098922e+00,9.9450204221059424e-01,1.0293794723952014e+00
6.9500000000000000e+02,1.0119407573028978e+00,9.9489978686670466e-01,1.0297604885246801e+00
6.9600000000000000e+02,1.0123301376956924e+00,9.9544361977266782e-01,1.0303214970680279e+00
6.9700000000000000e+02,1.0128825584203478e+00,9.9575309908113918e-01,1.0306000447874226e+00
6.9800000000000000e+02,1.0131765719342809e+00,9.9582254244627000e-01,1.0306200768555511e+00
6.9900000000000000e+02,1.0132213096509106e+00,9.9575291112123621e-01,1.0305026657826191e+00
7.0000000000000000e+02,1.0131277884519276e+00,9.9629542727690046e-01,1.0310627413912155e+00
7.0100000000000000e+02,1.0136790843340580e+00,9.9666132098142146e-01,1.0314069554296799e+00
7.0200000000000000e+02,1.0140341382055507e+00,9.9720176324239485e-01,1.0319645601684202e+00
7.0300000000000000e+02,1.0145831617054075e+00,9.9707311176669011e-01,1.0317915570780665e+00
7.0400000000000000e+02,1.0144323344223782e+00,9.9710947710010311e-01,1.0317787069815196e+00
7.0500000000000000e+02,1.0144440920408113e+00,9.9697346872676207e-01,1.0315991099799922e+00
7.0600000000000000e+02,1.0142862893533771e+00,9.9663940666635198e-01,1.0312425220252608e+00
7.0700000000000000e+02,1.0139409643458064e+00,9.9693532934267370e-01,1.0315069977515572e+00
7.0800000000000000e+02,1.0142211635471154e+00,9.9654881711700305e-01,1.0311061495614902e+00
7.0900000000000000e+02,1.0138274833392467e+00,9.9634527434983688e-01,1.0308649275303576e+00
7.1000000000000000e+02,1.0136051009400973e+00,9.9622342658397633e-01,1.0306991323121435e+00
7.1100000000000000e+02,1.0134612794480600e+00,9.9661258532897290e-01,1.0310722254660460e+00
7.1200000000000000e+02,1.0138424053975095e+00,9.9668396672857451e-01,1.0310957787192567e+00
7.1300000000000000e+02,1.0138898727239156e+00,9.9674856992739858e-01,1.0311125557559324e+00
7.1400000000000000e+02,1.0139305628416655e+00,9.9640804070349875e-01,1.0307514685270658e+00
7.1500000000000000e+02,1.0135797546152823e+00,9.9656155593288054e-01,1.0308608842500269e+00
7.1600000000000000e+02,1.0137112200914538e+00,9.9639078140622672e-01,1.0306504109341308e+00
7.1700000000000000e+02,1.0135205961701788e+00,9.9619927281306275e-01,1.0304211132246655e+00
7.1800000000000000e+02,1.0133101930188642e+00,9.9599593984420975e-01,1.0301812084997661e+00
7.1900000000000000e+02,1.0130885741719879e+00,9.9635310982497194e-01,1.0305179418323955e+00
7.2000000000000000e+02,1.0134355258286838e+00,9.9644227767072568e-01,1.0305607028341537e+00
7.2100000000000000e+02,1.0135014902524397e+00,9.9687902687223118e-01,1.0309926532750240e+00
7.2200000000000000e+02,1.0139358400736276e+00,9.9696582565984626e-01,1.0310331814181419e+00
7.2300000000000000e+02,1.0139995035389942e+00,9.9698789748683148e-01,1.0310081993638540e+00
7.2400000000000000e+02,1.0139980484253428e+00,9.9717988184801087e-01,1.0311599284426631e+00
7.2500000000000000e+02,1.0141699051453370e+00,9.9727534034473331e-01,1.0312097759098806e+00
7.2600000000000000e+02,1.0142425581273069e+00,9.9680042945612057e-01,1.0307387919362985e+00
7.2700000000000000e+02,1.0137696106962095e+00,9.9720781473473930e-01,1.0311361941669732e+00
7.2800000000000000e+02,1.0141720044508562e+00,9.9691103507184919e-01,1.0308145196082210e+00
7.2900000000000000e+02,1.0138627773400350e+00,9.9739779567500997e-01,1.0313093830321363e+00
7.3000000000000000e+02,1.0143535893535731e+00,9.9790644112741378e-01,1.0318317966644508e+00
7.3100000000000000e+02,1.0148691188959322e+00,9.9768774101021396e-01,1.0315793174912933e+00
7.3200000000000000e+02,1.0146335292507536e+00,9.9738461969175241e-01,1.0312524448878646e+00
7.3300000000000000e+02,1.0143185322898085e+00,9.9710825389705038e-01,1.0309489980364903e+00
7.3400000000000000e+02,1.0140286259667703e+00,9.9733601589495602e-01,1.0311407034471280e+00
7.3500000000000000e+02,1.0142383596710420e+00,9.9696841648531342e-01,1.0307590549993619e+00
7.3600000000000000e+02,1.0138637357423377e+00,9.9722698316249958e-01,1.0309851205400455e+00
7.3700000000000000e+02,1.0141060518512726e+00,9.9693155505419428e-01,1.0306654682435636e+00
7.3800000000000000e+02,1.0137985116488790e+00,9.9676696377986729e-01,1.0304629034374837e+00
7.3900000000000000e+02,1.0136149336086755e+00,9.9723638596729436e-01,1.0309375567660488e+00
7.4000000000000000e+02,1.0140869713666716e+00,9.9715634362838901e-01,1.0308143872109212e+00
7.4100000000000000e+02,1.0139853654196551e+00,9.9734465378927639e-01,1.0309638460343220e+00
7.4200000000000000e+02,1.0141542499117993e+00,9.9773559865470351e-01,1.0313434474832810e+00
7.4300000000000000e+02,1.0145395230689922e+00,9.9737560408615689e-01,1.0309690872698001e+00
7.4400000000000000e+02,1.0141723456779785e+00,9.9727307515491903e-01,1.0308249451783080e+00
7.4500000000000000e+02,1.0140490101666135e+00,9.9778230271250001e-01,1.0313504310917636e+00
7.4600000000000000e+02,1.0145663669021319e+00,9.9828353260043157e-01,1.0318658065579460e+00
7.4700000000000000e+02,1.0150746695791888e+00,9.9789651804872115e-01,1.0314690152145043e+00
7.4800000000000000e+02,1.0146827666316127e+00,9.9802212178826388e-01,1.0315522919611346e+00
7.4900000000000000e+02,1.0147872068746993e+00,9.9833370279033928e-01,1.0318397133484243e+00
7.5000000000000000e+02,1.0150867080693817e+00,9.9810658381374862e-01,1.0315814802908594e+00
7.5100000000000000e+02,1.0148440320523040e+00,9.9855716462363364e-01,1.0320343469341582e+00
7.5200000000000000e+02,1.0152957557788960e+00,9.9809683943826599e-01,1.0315777642993120e+00
7.5300000000000000e+02,1.0148373018687891e+00,9.9821145088587537e-01,1.0316499735288276e+00
7.5400000000000000e+02,1.0149307122073514e+00,9.9871376424053970e-01,1.0321677112672636e+00
7.5500000000000000e+02,1.0154407377539016e+00,9.9832735240058890e-01,1.0317721384869896e+00
7.5600000000000000e+02,1.0150497454437892e+00,9.9796214007199724e-01,1.0313944279517793e+00
7.5700000000000000e+02,1.0146782840118882e+00,9.9840357396855817e-01,1.0318365794204594e+00
7.5800000000000000e+02,1.0151200766945088e+00,9.9812766100851702e-01,1.0315357237084299e+00
7.5900000000000000e+02,1.0148316923584735e+00,9.9800906055813809e-01,1.0313775685879589e+00
7.6000000000000000e+02,1.0146933145730486e+00,9.9775037659601540e-01,1.0310920774159442e+00
7.6100000000000000e+02,1.0144212270059798e+00,9.9739648309447082e-01,1.0307244083550242e+00
7.6200000000000000e+02,1.0140604457247475e+00,9.9727365104586985e-01,1.0305625662655358e+00
7.6300000000000000e+02,1.0139181086557028e+00,9.9777129906780226e-01,1.0310755188057441e+00
7.6400000000000000e+02,1.0144234089367732e+00,9.9747469222692386e-01,1.0307571791822052e+00
7.6500000000000000e+02,1.0141159357045646e+00,9.9730485963009941e-01,1.0305520113481295e+00
7.6600000000000000e+02,1.0139284354891145e+00,9.9694535710220444e-01,1.0301800567650128e+00
7.6700000000000000e+02,1.0135627069336086e+00,9.9744092916337523e-01,1.0306908318212025e+00
7.6800000000000000e+02,1.0140658804922889e+00,9.9746769069974095e-01,1.0306743616309098e+00
7.6900000000000000e+02,1.0140710261653254e+00,9.9717178189175670e-01,1.0303570695079423e+00
7.7000000000000000e+02,1.0137644256998495e+00,9.9682207297702141e-01,1.0299937332518663e+00
7.7100000000000000e+02,1.0134079031144438e+00,9.9697553008727258e-01,1.0301083837750795e+00
7.7200000000000000e+02,1.0135419569311761e+00,9.9708878524185540e-01,1.0301807740974762e+00
7.7300000000000000e+02,1.0136347796696659e+00,9.9719956158106027e-01,1.0302506909519791e+00
7.7400000000000000e+02,1.0137251262665197e+00,9.9705251167847542e-01,1.0300673378882708e+00
7.7500000000000000e+02,1.0135599247833731e+00,9.9664139195561086e-01,1.0296532652384780e+00
7.7600000000000000e+02,1.0131473285970445e+00,9.9704421958539047e-01,1.0300508621384799e+00
7.7700000000000000e+02,1.0135475408619352e+00,9.9725766917036074e-01,1.0302308953255186e+00
7.7800000000000000e+02,1.0137442822479397e+00,9.9738884420639151e-01,1.0303226372164926e+00
7.7900000000000000e+02,1.0138557407114421e+00,9.9770535479182321e-01,1.0306188102938916e+00
7.8000000000000000e+02,1.0141620825428574e+00,9.9749522556256831e-01,1.0303783827672695e+00
7.8100000000000000e+02,1.0139368041649188e+00,9.9781273196938325e-01,1.0306759277666215e+00
7.8200000000000000e+02,1.0142443298680024e+00,9.9771717112737457e-01,1.0305414877315002e+00
7.8300000000000000e+02,1.0141293294294373e+00,9.9728681840897404e-01,1.0301124550049747e+00
7.8400000000000000e+02,1.0136996367069744e+00,9.9757498592084715e-01,1.0303766544457600e+00
7.8500000000000000e+02,1.0139758201833036e+00,9.9782065749703364e-01,1.0305930957347798e+00
7.8600000000000000e+02,1.0142068766159067e+00,9.9749025013209525e-01,1.0302477945955488e+00
7.8700000000000000e+02,1.0138690223638220e+00,9.9740696812715701e-01,1.0301254218971467e+00
7.8800000000000000e+02,1.0137661950121519e+00,9.9733175055637258e-01,1.0300108505386265e+00
7.8900000000000000e+02,1.0136713005474995e+00,9.9699909559134314e-01,1.0296639598212656e+00
7.9000000000000000e+02,1.0133315277063044e+00,9.9746041027476340e-01,1.0301350604160127e+00
7.9100000000000000e+02,1.0137977353453880e+00,9.9794044311437147e-01,1.0306296245502933e+00
7.9200000000000000e+02,1.0142850338323324e+00,9.9833204486242511e-01,1.0310155021198912e+00
7.9300000000000000e+02,1.0146737734911582e+00,9.9803828643282033e-01,1.0307022286209957e+00
7.9400000000000000e+02,1.0143702575269080e+00,9.9772345835161058e-01,1.0303708589389515e+00
7.9500000000000000e+02,1.0140471586452811e+00,9.9783461409209595e-01,1.0304429764278114e+00
7.9600000000000000e+02,1.0141387952599537e+00,9.9805338127214938e-01,1.0306305541075347e+00
7.9700000000000000e+02,1.0143419676898420e+00,9.9847983006975471e-01,1.0310592680246777e+00
7.9800000000000000e+02,1.0147695490472162e+00,9.9871850166002529e-01,1.0312690169721455e+00
7.9900000000000000e+02,1.0149937593160854e+00,9.9844438698276416e-01,1.0309733644395380e+00
8.0000000000000000e+02,1.0147088757111511e+00,9.9822935244200917e-01,1.0307301181444024e+00
8.0100000000000000e+02,1.0144797352932058e+00,9.9814883218598904e-01,1.0306114186681805e+00
8.0200000000000000e+02,1.0143801254270848e+00,9.9781008166646468e-01,1.0302603815995048e+00
8.0300000000000000e+02,1.0140352316329848e+00,9.9774607608338717e-01,1.0301576602575830e+00
8.0400000000000000e+02,1.0139518681704851e+00,9.9756220856034949e-01,1.0299429432360150e+00
8.0500000000000000e+02,1.0137525758981822e+00,9.9720111787505394e-01,1.0295733332139607e+00
8.0600000000000000e+02,1.0133872255445073e+00,9.9737318981764211e-01,1.0297109819850161e+00
8.0700000000000000e+02,1.0135420859013291e+00,9.9698176393298754e-01,1.0293162248272445e+00
8.0800000000000000e+02,1.0131489943801160e+00,9.9681575165642733e-01,1.0291181187946352e+00
8.0900000000000000e+02,1.0129669352255313e+00,9.9651399700295129e-01,1.0287993704492158e+00
8.1000000000000000e+02,1.0126566837260835e+00,9.9620632949257537e-01,1.0284756049000303e+00
8.1100000000000000e+02,1.0123409671963028e+00,9.9601182339054917e-01,1.0282517733458321e+00
8.1200000000000000e+02,1.0121317983681906e+00,9.9648161406464286e-01,1.0287360970194892e+00
8.1300000000000000e+02,1.0126088555420660e+00,9.9629965898307837e-01,1.0285237732110128e+00
8.1400000000000000e+02,1.0124117160970456e+00,9.9619410973998046e-01,1.0283823214636241e+00
8.1500000000000000e+02,1.0122882156018023e+00,9.9619915802153292e-01,1.0283479746298436e+00
8.1600000000000000e+02,1.0122735663256883e+00,9.9632055630783301e-01,1.0284325578610982e+00
8.1700000000000000e+02,1.0123765570844656e+00,9.9606507612814010e-01,1.0281548225347803e+00
8.1800000000000000e+02,1.0121099493314603e+00,9.9597266437330201e-01,1.0280261545123166e+00
8.1900000000000000e+02,1.0119994094428093e+00,9.9588189424698359e-01,1.0278991368589370e+00
8.2000000000000000e+02,1.0118905155529603e+00,9.9565751913872325e-01,1.0276492541317681e+00
8.2100000000000000e+02,1.0116533866352457e+00,9.9555502054654887e-01,1.0275113070277455e+00
8.2200000000000000e+02,1.0115331637871472e+00,9.9542920575828253e-01,1.0273515639897970e+00
8.2300000000000000e+02,1.0113903848740398e+00,9.9576377239658831e-01,1.0276732957304444e+00
8.2400000000000000e+02,1.0117185340635164e+00,9.9621513936138273e-01,1.0281362670238150e+00
8.2500000000000000e+02,1.0121757031925989e+00,9.9598443004755055e-01,1.0278811132796613e+00
8.2600000000000000e+02,1.0119327716636060e+00,9.9620681066092542e-01,1.0280753762525934e+00
8.2700000000000000e+02,1.0121410934567594e+00,9.9592475204721242e-01,1.0277752504349253e+00
8.2800000000000000e+02,1.0118500012410689e+00,9.9603533404241296e-01,1.0278494715103368e+00
8.2900000000000000e+02,1.0119424027763748e+00,9.9630626169191128e-01,1.0280983793417537e+00
8.3000000000000000e+02,1.0122023205168325e+00,9.9616437113696776e-01,1.0279242636182111e+00
8.3100000000000000e+02,1.0120443173775895e+00,9.9630423471563245e-01,1.0280295897716700e+00
8.3200000000000000e+02,1.0121669122436512e+00,9.9645305061925704e-01,1.0281445315565292e+00
8.3300000000000000e+02,1.0122987910878931e+00,9.9647885944780379e-01,1.0281323522660912e+00
8.3400000000000000e+02,1.0123056058569475e+00,9.9631542917929905e-01,1.0279387477702657e+00
8.3500000000000000e+02,1.0121270884747824e+00,9.9598332109189869e-01,1.0275964274655887e+00
8.3600000000000000e+02,1.0117898742787437e+00,9.9562683775011140e-01,1.0272335956808643e+00
8.3700000000000000e+02,1.0114302167154878e+00,9.9595958203323498e-01,1.0275545832034725e+00
8.3800000000000000e+02,1.0117570826183537e+00,9.9583467994755048e-01,1.0273968780963123e+00
8.3900000000000000e+02,1.0116157790219313e+00,9.9558639154538520e-01,1.0271273300737882e+00
8.4000000000000000e+02,1.0113568608095866e+00,9.9604127581337065e-01,1.0275966863270640e+00
8.4100000000000000e+02,1.0118189810702174e+00,9.9579078977372792e-01,1.0273252969616145e+00
8.4200000000000000e+02,1.0115580433676712e+00,9.9570687148071535e-01,1.0272064746676404e+00
8.4300000000000000e+02,1.0114566730741779e+00,9.9616006746128360e-01,1.0276739974711921e+00
8.4400000000000000e+02,1.0119170324662379e+00,9.9594511490934989e-01,1.0274343438551190e+00
8.4500000000000000e+02,1.0116897293822344e+00,9.9608671095443857e-01,1.0275425238051406e+00
8.4600000000000000e+02,1.0118146173797895e+00,9.9568841496098937e-01,1.0271456726909385e+00
8.4700000000000000e+02,1.0114170438259640e+00,9.9602863889545989e-01,1.0274762647100897e+00
8.4800000000000000e+02,1.0117524518027747e+00,9.9577489869305447e-01,1.0272024760674310e+00
8.4900000000000000e+02,1.0114886873802427e+00,9.9589160498186657e-01,1.0272846253886034e+00
8.5000000000000000e+02,1.0115881151852351e+00,9.9559591089682131e-01,1.0269744897943016e+00
8.5100000000000000e+02,1.0112852003455615e+00,9.9574132107551172e-01,1.0270871469998530e+00
8.5200000000000000e+02,1.0114142340376824e+00,9.9585671347169269e-01,1.0271681551509153e+00
8.5300000000000000e+02,1.0115124343113040e+00,9.9630216738671629e-01,1.0276270763048314e+00
8.5400000000000000e+02,1.0119646218457738e+00,9.9630692002971077e-01,1.0275952366157299e+00
8.5500000000000000e+02,1.0119510783227204e+00,9.9639592469809934e-01,1.0276489396860871e+00
8.5600000000000000e+02,1.0120224321920932e+00,9.9659376621870543e-01,1.0278186130546645e+00
8.5700000000000000e+02,1.0122061896366850e+00,9.9636806638418662e-01,1.0275703366413096e+00
8.5800000000000000e+02,1.0119692015127482e+00,9.9621483324132476e-01,1.0273877220605379e+00
8.5900000000000000e+02,1.0118012776509313e+00,9.9587956399214750e-01,1.0270445526305787e+00
8.6000000000000000e+02,1.0114620583113632e+00,9.9553123801304488e-01,1.0266904266634880e+00
8.6100000000000000e+02,1.0111108323382665e+00,9.9557426928834691e-01,1.0266974649228746e+00
8.6200000000000000e+02,1.0111358671056108e+00,9.9525785146780243e-01,1.0263705171716320e+00
8.6300000000000000e+02,1.0108141843197171e+00,9.9500804408602705e-01,1.0261013242396178e+00
8.6400000000000000e+02,1.0105546841628223e+00,9.9509710518942629e-01,1.0261557104422052e+00
8.6500000000000000e+02,1.0106264078158158e+00,9.9495649865698466e-01,1.0259852239027967e+00
8.6600000000000000e+02,1.0104708612798907e+00,9.9495042844603498e-01,1.0259435064435103e+00
8.6700000000000000e+02,1.0104469674447727e+00,9.9535054489292651e-01,1.0263480129589517e+00
8.6800000000000000e+02,1.0108492789259391e+00,9.9522959403444222e-01,1.0261960081046428e+00
8.6900000000000000e+02,1.0107128010695425e+00,9.9519139179798599e-01,1.0261229796836637e+00
8.7000000000000000e+02,1.0106571857408249e+00,9.9510085380714908e-01,1.0259997659875733e+00
8.7100000000000000e+02,1.0105503098973612e+00,9.9476149760443733e-01,1.0256541287555927e+00
8.7200000000000000e+02,1.0102078131800150e+00,9.9470848889177776e-01,1.0255669550654178e+00
8.7300000000000000e+02,1.0101377219785979e+00,9.9445469667930220e-01,1.0252950521278323e+00
8.7400000000000000e+02,1.0098748744035673e+00,9.9410269817242503e-01,1.0249390135572836e+00
8.7500000000000000e+02,1.0095208558648543e+00,9.9388855578761959e-01,1.0247023271054911e+00
8.7600000000000000e+02,1.0092954414465554e+00,9.9383031085750051e-01,1.0246103533104503e+00
8.7700000000000000e+02,1.0092203320839754e+00,9.9426819178477177e-01,1.0250625777021523e+00
8.7800000000000000e+02,1.0096653847434620e+00,9.9413579836630017e-01,1.0249005568302834e+00
8.7900000000000000e+02,1.0095181775982918e+00,9.9416360410989590e-01,1.0248934293166496e+00
8.8000000000000000e+02,1.0095285167132728e+00,9.9407461152607457e-01,1.0247723152070716e+00
8.8100000000000000e+02,1.0094234633665731e+00,9.9428033425043305e-01,1.0249525524845851e+00
8.8200000000000000e+02,1.0096164433675090e+00,9.9464793378729888e-01,1.0253191529804615e+00
8.8300000000000000e+02,1.0099835433838802e+00,9.9434109592762654e-01,1.0250019932520840e+00
8.8400000000000000e+02,1.0096715445898552e+00,9.9415905871687382e-01,1.0247948001125131e+00
8.8500000000000000e+02,1.0094769294146935e+00,9.9407203249760301e-01,1.0246758559805880e+00
8.8600000000000000e+02,1.0093739442390954e+00,9.9427416980691230e-01,1.0248524937120220e+00
8.8700000000000000e+02,1.0095633317594672e+00,9.9470251392225950e-01,1.0252938798911830e+00
8.8800000000000000e+02,1.0099981969067213e+00,9.9452731778304215e-01,1.0250931447594149e+00
8.8900000000000000e+02,1.0098102312712285e+00,9.9433234123391545e-01,1.0248745697460999e+00
8.9000000000000000e+02,1.0096034554900077e+00,9.9441217636431822e-01,1.0249211309601276e+00
8.9100000000000000e+02,1.0096666536622230e+00,9.9408657519195232e-01,1.0245885847371310e+00
8.9200000000000000e+02,1.0093375799645417e+00,9.9393436461782947e-01,1.0244091429328361e+00
8.9300000000000000e+02,1.0091717537753329e+00,9.9363247844167024e-01,1.0240969280590040e+00
8.9400000000000000e+02,1.0088647032503371e+00,9.9353601178685536e-01,1.0239695809972551e+00
8.9500000000000000e+02,1.0087527963920553e+00,9.9343493406606731e-01,1.0238379546475267e+00
8.9600000000000000e+02,1.0086364443567970e+00,9.9313829738896242e-01,1.0235304717132663e+00
8.9700000000000000e+02,1.0083343845511143e+00,9.9287183891566688e-01,1.0232491279888649e+00
8.9800000000000000e+02,1.0080604834522660e+00,9.9271928342929205e-01,1.0230697482622904e+00
8.9900000000000000e+02,1.0078945158457913e+00,9.9238868260330459e-01,1.0227335495361221e+00
9.0000000000000000e+02,1.0075611160697133e+00,9.9263187849813217e-01,1.0229568369883317e+00
9.0100000000000000e+02,1.0077943577432320e+00,9.9241434108686521e-01,1.0227188215229521e+00
9.0200000000000000e+02,1.0075665813049086e+00,9.9284167698316406e-01,1.0231604149786624e+00
9.0300000000000000e+02,1.0080010459809132e+00,9.9300585554890464e-01,1.0232967767447427e+00
9.0400000000000000e+02,1.0081513161468236e+00,9.9270320616284180e-01,1.0229846154984095e+00
9.0500000000000000e+02,1.0078439108306256e+00,9.9258998235020457e-01,1.0228421161315500e+00
9.0600000000000000e+02,1.0077160492408772e+00,9.9226124026796692e-01,1.0225079112027426e+00
9.0700000000000000e+02,1.0073845757353548e+00,9.9224381158262687e-01,1.0224574637695418e+00
9.0800000000000000e+02,1.0073506376760843e+00,9.9266868357240345e-01,1.0228965067683766e+00
9.0900000000000000e+02,1.0077825951703900e+00,9.9309160152683673e-01,1.0233331145772395e+00
9.1000000000000000e+02,1.0082123580520381e+00,9.9344616185139267e-01,1.0236862737811747e+00
9.1100000000000000e+02,1.0085662178162837e+00,9.9325418981504809e-01,1.0234716427443507e+00
9.1200000000000000e+02,1.0083629162796994e+00,9.9344799033719045e-01,1.0236407150669582e+00
9.1300000000000000e+02,1.0085443527020743e+00,9.9348464855311303e-01,1.0236444434289420e+00
9.1400000000000000e+02,1.0085645459910275e+00,9.9381785332046224e-01,1.0239725231215782e+00
9.1500000000000000e+02,1.0088951882210202e+00,9.9423807749235871e-01,1.0244062395867537e+00
9.1600000000000000e+02,1.0093221585395562e+00,9.9438874769944130e-01,1.0245287624439587e+00
9.1700000000000000e+02,1.0094587550717000e+00,9.9424868526731847e-01,1.0243618715237199e+00
9.1800000000000000e+02,1.0093052783955192e+00,9.9396468559120865e-01,1.0240665067221695e+00
9.1900000000000000e+02,1.0090155961566891e+00,9.9366384258095219e-01,1.0237567263514953e+00
9.2000000000000000e+02,1.0087102844662237e+00,9.9371644781388191e-01,1.0237769964129857e+00
9.2100000000000000e+02,1.0087467221134339e+00,9.9402843754475001e-01,1.0240805850552686e+00
9.2200000000000000e+02,1.0090545113000093e+00,9.9413744193922238e-01,1.0241592819345167e+00
9.2300000000000000e+02,1.0091483619368695e+00,9.9381829060411331e-01,1.0238341822448098e+00
9.2400000000000000e+02,1.0088262364244616e+00,9.9357787090119398e-01,1.0235771440945540e+00
9.2500000000000000e+02,1.0085775074978740e+00,9.9381192816117025e-01,1.0237916866418864e+00
9.2600000000000000e+02,1.0088018074015284e+00,9.9419905387192409e-01,1.0241855209727209e+00
9.2700000000000000e+02,1.0091922874223225e+00,9.9384443555740065e-01,1.0238308013656070e+00
9.2800000000000000e+02,1.0088376184615038e+00,9.9425893728485626e-01,1.0242584145607316e+00
9.2900000000000000e+02,1.0092586759227939e+00,9.9417188519099908e-01,1.0241417616290687e+00
9.3000000000000000e+02,1.0091568234100339e+00,9.9394207208005547e-01,1.0238943496950834e+00
9.3100000000000000e+02,1.0089182108875694e+00,9.9394418871297474e-01,1.0238643784453456e+00
9.3200000000000000e+02,1.0089042835791602e+00,9.9361826420409227e-01,1.0235340215281605e+00
9.3300000000000000e+02,1.0085761428661264e+00,9.9335174499379575e-01,1.0232546025621168e+00
9.3400000000000000e+02,1.0083031737779562e+00,9.9324170095657338e-01,1.0231165308301022e+00
9.3500000000000000e+02,1.0081791158933378e+00,9.9317846498272455e-01,1.0230229581480337e+00
9.3600000000000000e+02,1.0081007115653791e+00,9.9333744398269763e-01,1.0231555570946962e+00
9.3700000000000000e+02,1.0082465005386969e+00,9.9361994249967378e-01,1.0234259510570307e+00
9.3800000000000000e+02,1.0085229467783523e+00,9.9327821419342099e-01,1.0230827005873218e+00
9.3900000000000000e+02,1.0081804573903714e+00,9.9308262431125593e-01,1.0228663382916061e+00
9.4000000000000000e+02,1.0079744813014311e+00,9.9348426577345039e-01,1.0232790671326781e+00
9.4100000000000000e+02,1.0083816664530643e+00,9.9334514487483094e-01,1.0231142707181293e+00
9.4200000000000000e+02,1.0082297077964801e+00,9.9326504707696028e-01,1.0230049199991411e+00
9.4300000000000000e+02,1.0081349835380506e+00,9.9317914538024721e-01,1.0228901157285255e+00
9.4400000000000000e+02,1.0080346305543864e+00,9.9287052115276209e-01,1.0225751774475973e+00
9.4500000000000000e+02,1.0077228493001797e+00,9.9259434248651901e-01,1.0222881051941368e+00
9.4600000000000000e+02,1.0074412238403279e+00,9.9243161504234545e-01,1.0221018968459246e+00
9.4700000000000000e+02,1.0072667559441351e+00,9.9217784369598916e-01,1.0218344117691969e+00
9.4800000000000000e+02,1.0070061277325930e+00,9.9247667123221950e-01,1.0221244378947878e+00
9.4900000000000000e+02,1.0073005545635036e+00,9.9240492674676450e-01,1.0220234188234858e+00
9.5000000000000000e+02,1.0072141727851252e+00,9.9211494338978545e-01,1.0217247530461713e+00
9.5100000000000000e+02,1.0069198482179784e+00,9.9213040250602069e-01,1.0217091094233790e+00
9.5200000000000000e+02,1.0069197559646998e+00,9.9244793343358284e-01,1.0220213458206824e+00
9.5300000000000000e+02,1.0072346396271326e+00,9.9231440376476965e-01,1.0218623730327374e+00
9.5400000000000000e+02,1.0070883883987536e+00,9.9258552177866932e-01,1.0221207713914064e+00
9.5500000000000000e+02,1.0073531465850378e+00,9.9293278558215992e-01,1.0224685386520020e+00
9.5600000000000000e+02,1.0077006621170810e+00,9.9271731651136697e-01,1.0222352971692723e+00
9.5700000000000000e+02,1.0074763068403196e+00,9.9245300159662575e-01,1.0219591695164003e+00
9.5800000000000000e+02,1.0072060855565130e+00,9.9218247694550332e-01,1.0216777047630925e+00
9.5900000000000000e+02,1.0069300908542980e+00,9.9255138548284250e-01,1.0220518188184611e+00
9.6000000000000000e+02,1.0073016021506518e+00,9.9272594936435299e-01,1.0222025748872703e+00
9.6100000000000000e+02,1.0074642621258116e+00,9.9259917825623689e-01,1.0220502384743957e+00
9.6200000000000000e+02,1.0073247083653163e+00,9.9269403944070289e-01,1.0221162038605063e+00
9.6300000000000000e+02,1.0074051216506046e+00,9.9235848680043592e-01,1.0217796086708180e+00
9.6400000000000000e+02,1.0070690477356270e+00,9.9224563596778059e-01,1.0216404165469939e+00
9.6500000000000000e+02,1.0069430262573873e+00,9.9248381132403385e-01,1.0218619694253406e+00
9.6600000000000000e+02,1.0071728903746873e+00,9.9288367179248971e-01,1.0222745745157125e+00
9.6700000000000000e+02,1.0075791231541011e+00,9.9316281322806566e-01,1.0225429365853014e+00
9.6800000000000000e+02,1.0078528749066835e+00,9.9326517425635896e-01,1.0226170126287555e+00
9.6900000000000000e+02,1.0079410934425572e+00,9.9366287056997638e-01,1.0230271196744318e+00
9.7000000000000000e+02,1.0083449951222041e+00,9.9395959358058139e-01,1.0233160261695189e+00
9.7100000000000000e+02,1.0086378098750501e+00,9.9420858993131511e-01,1.0235500834541409e+00
9.7200000000000000e+02,1.0088793366927280e+00,9.9387508575621231e-01,1.0232156168476154e+00
9.7300000000000000e+02,1.0085453513019138e+00,9.9397586832335938e-01,1.0232882441472737e+00
9.7400000000000000e+02,1.0086320562353166e+00,9.9384169651868548e-01,1.0231296251594584e+00
9.7500000000000000e+02,1.0084856608390720e+00,9.9402705340295072e-01,1.0232929459063411e+00
9.7600000000000000e+02,1.0086599996546459e+00,9.9389790719042470e-01,1.0231391003277561e+00
9.7700000000000000e+02,1.0085185037590905e+00,9.9383439020298781e-01,1.0230472695167454e+00
9.7800000000000000e+02,1.0084408298598666e+00,9.9415794398573387e-01,1.0233682881596176e+00
9.7900000000000000e+02,1.0087631160726758e+00,9.9408785938791100e-01,1.0232702554929238e+00
9.8000000000000000e+02,1.0086790574404174e+00,9.9424787732225994e-01,1.0234062941797750e+00
9.8100000000000000e+02,1.0088270857510175e+00,9.9397975832345753e-01,1.0231281333572142e+00
9.8200000000000000e+02,1.0085539458403359e+00,9.9402156604229819e-01,1.0231404818714493e+00
9.8300000000000000e+02,1.0085810239568738e+00,9.9384078334559378e-01,1.0229397082271618e+00
9.8400000000000000e+02,1.0083902457863778e+00,9.9408811969852351e-01,1.0231727291721511e+00
9.8500000000000000e+02,1.0086304244353372e+00,9.9381278470490297e-01,1.0228885623686566e+00
9.8600000000000000e+02,1.0083506735367798e+00,9.9411618724995732e-01,1.0231863741183531e+00
9.8700000000000000e+02,1.0086512806841552e+00,9.9414980583973966e-01,1.0231906643930002e+00
9.8800000000000000e+02,1.0086702351163699e+00,9.9431163651346655e-01,1.0233290934003287e+00
9.8900000000000000e+02,1.0088203649568976e+00,9.9470076847825717e-01,1.0237302233172814e+00
9.9000000000000000e+02,1.0092154958977693e+00,9.9477432805106891e-01,1.0237754229548575e+00
9.9100000000000000e+02,1.0092748755029632e+00,9.9503797990462350e-01,1.0240274463060550e+00
9.9200000000000000e+02,1.0095327131053393e+00,9.9486187906286350e-01,1.0238313296953123e+00
9.9300000000000000e+02,1.0093466043790880e+00,9.9509809508394820e-01,1.0240522536526737e+00
9.9400000000000000e+02,1.0095751743683110e+00,9.9528275478630523e-01,1.0242158584618701e+00
9.9500000000000000e+02,1.0097493066240877e+00,9.9551652668475932e-01,1.0244341440883074e+00
9.9600000000000000e+02,1.0099753353865333e+00,9.9536744460077708e-01,1.0242628730706784e+00
9.9700000000000000e+02,1.0098151588357278e+00,9.9505866701873791e-01,1.0239507562966850e+00
9.9800000000000000e+02,1.0095047116577114e+00,9.9544370604326327e-01,1.0243474742551628e+00
9.9900000000000000e+02,1.0098955901492130e+00,9.9544905859127619e-01,1.0243239449904185e+00
