Sample Size,Mean Estimate,Lower Bound,Upper Bound
1.0,1.0027739757698966,1.0011578710419633,1.0043900804978299
2.0,1.0047760014897613,1.003159896761828,1.0063921062176946
3.0,0.9864965868181056,0.9848804820901722,0.988112691546039
4.0,0.9815775648166531,0.9799614600887198,0.9831936695445865
5.0,0.9809615885157472,0.9793454837878138,0.9825776932436806
6.0,0.9862846656892924,0.984668560961359,0.9879007704172258
7.0,0.9851242688695322,0.9835081641415988,0.9867403735974656
8.0,0.9862533823975008,0.9846372776695674,0.9878694871254342
9.0,0.9924978361778609,0.9908817314499275,0.9941139409057943
10.0,0.9912504271561877,0.9896343224282543,0.9928665318841211
11.0,0.9936053040968559,0.9919891993689225,0.9952214088247893
12.0,0.9967210682946336,0.9951049635667002,0.998337173022567
13.0,0.9957920040406262,0.9941758993126928,0.9974081087685596
14.0,0.9992058357988661,0.9975897310709327,1.0008219405267995
15.0,0.9985883473817416,0.9969722426538082,1.000204452109675
16.0,0.9966853646892786,0.9950692599613452,0.998301469417212
17.0,0.9947181533004323,0.993102048572499,0.9963342580283657
18.0,0.9941557044761677,0.9925395997482344,0.9957718092041011
19.0,0.9967620864375212,0.9951459817095878,0.9983781911654546
20.0,0.9948718383916431,0.9932557336637097,0.9964879431195764
21.0,0.9954845620119761,0.9938684572840427,0.9971006667399095
22.0,0.9975195115000695,0.9959034067721361,0.9991356162280028
23.0,0.9977516830125867,0.9961355782846533,0.99936778774052
24.0,0.9969338164926457,0.9953177117647123,0.9985499212205791
25.0,0.9964927198507025,0.9948766151227691,0.9981088245786359
26.0,0.9960154235231903,0.9943993187952569,0.9976315282511237
27.0,0.9961400855389763,0.9945239808110429,0.9977561902669096
28.0,0.9957748265351387,0.9941587218072053,0.9973909312630721
29.0,0.9974950200312653,0.995878915303332,0.9991111247591987
30.0,0.9979860182645687,0.9963699135366353,0.9996021229925021
31.0,0.9975524121385357,0.9959363074106024,0.9991685168664691
32.0,0.997911361655738,0.9962952569278046,0.9995274663836714
33.0,0.9981723806272238,0.9965562758992904,0.9997884853551572
34.0,0.9975248416129143,0.9959087368849809,0.9991409463408477
35.0,0.9976203007850949,0.9960041960571615,0.9992364055130283
36.0,0.997409341036489,0.9957932363085557,0.9990254457644224
37.0,0.9956152557999798,0.9939991510720464,0.9972313605279132
38.0,0.9950805777763942,0.9934644730484609,0.9966966825043276
39.0,0.9963719084686684,0.994755803740735,0.9979880131966018
40.0,0.9956960717171859,0.9940799669892525,0.9973121764451193
41.0,0.9954592784375272,0.9938431737095939,0.9970753831654606
42.0,0.9957827027340168,0.9941665980060834,0.9973988074619502
43.0,0.995884252272649,0.9942681475447156,0.9975003570005824
44.0,0.9963416785288853,0.994725573800952,0.9979577832568187
45.0,0.9957291803673155,0.9941130756393821,0.9973452850952489
46.0,0.9972373001339376,0.9956211954060042,0.998853404861871
47.0,0.997678616838878,0.9960625121109447,0.9992947215668114
48.0,0.9967244679667483,0.9951083632388149,0.9983405726946817
49.0,0.997264575837599,0.9956484711096656,0.9988806805655324
50.0,0.9978365364349577,0.9962204317070243,0.9994526411628911
51.0,0.9982700961925147,0.9966539914645813,0.9998862009204481
52.0,0.9989210207275755,0.9973049159996421,1.0005371254555089
53.0,0.9988424307618345,0.9972263260339012,1.000458535489768
54.0,0.9992804596535466,0.9976643549256132,1.00089656438148
55.0,0.9998532247703913,0.9982371200424579,1.0014693294983246
56.0,0.9996312997111894,0.998015194983256,1.0012474044391226
57.0,1.0001515078828016,0.9985354031548682,1.0017676126107349
58.0,1.000209618637557,0.9985935139096237,1.0018257233654904
59.0,0.9997296923935284,0.998113587665595,1.0013457971214617
60.0,0.9994625378029123,0.9978464330749789,1.0010786425308456
61.0,1.0001665311532073,0.9985504264252739,1.0017826358811406
62.0,1.0002727589039002,0.9986566541759668,1.0018888636318335
63.0,1.0005610084034726,0.9989449036755392,1.002177113131406
64.0,1.0002386312772389,0.9986225265493055,1.0018547360051722
65.0,0.9995971847019147,0.9979810799739813,1.001213289429848
66.0,0.9987823575634244,0.997166252835491,1.0003984622913578
67.0,0.999326885792377,0.9977107810644437,1.0009429905203104
68.0,0.9997609099910325,0.9981448052630991,1.0013770147189658
69.0,0.9996067166721392,0.9979906119442058,1.0012228214000725
70.0,0.9999913334340249,0.9983752287060915,1.0016074381619582
71.0,0.9994784771556414,0.997862372427708,1.0010945818835748
72.0,0.9996579742585934,0.99804186953066,1.0012740789865266
73.0,0.9997376036811434,0.99812149895321,1.0013537084090767
74.0,1.0003029018302878,0.9986867971023544,1.001919006558221
75.0,0.9999667423411277,0.9983506376131943,1.001582847069061
76.0,0.9994428472781147,0.9978267425501813,1.001058952006048
77.0,0.9997121518362777,0.9980960471083443,1.001328256564211
78.0,0.9996866388131522,0.9980705340852188,1.0013027435410855
79.0,0.9996686078604928,0.9980525031325594,1.001284712588426
80.0,0.9997531759745073,0.9981370712465739,1.0013692807024406
81.0,0.999956889072026,0.9983407843440926,1.0015729937999593
82.0,0.9998505962822511,0.9982344915543178,1.0014667010101845
83.0,0.9991227446071668,0.9975066398792334,1.0007388493351002
84.0,0.9986466136965132,0.9970305089685798,1.0002627184244466
85.0,0.9986584319008827,0.9970423271729493,1.000274536628816
86.0,0.9990250065858174,0.997408901857884,1.0006411113137508
87.0,0.9981206830614641,0.9965045783335307,0.9997367877893975
88.0,0.9985120874697538,0.9968959827418205,1.0001281921976872
89.0,0.9983740436667595,0.9967579389388261,0.9999901483946929
90.0,0.9981724409871624,0.996556336259229,0.9997885457150958
91.0,0.9985251814114585,0.9969090766835251,1.000141286139392
92.0,0.9982973456953981,0.9966812409674647,0.9999134504233315
93.0,0.9982974407872182,0.9966813360592848,0.9999135455151515
94.0,0.9981697067776183,0.9965536020496849,0.9997858115055517
95.0,0.9981526343767454,0.996536529648812,0.9997687391046788
96.0,0.9983072310276949,0.9966911262997615,0.9999233357556283
97.0,0.9983723064720063,0.9967562017440729,0.9999884111999396
98.0,0.9982590926805432,0.9966429879526099,0.9998751974084766
99.0,0.9986865888012918,0.9970704840733584,1.0003026935292252
100.0,0.9985443834095484,0.996928278681615,1.0001604881374817
101.0,0.998515360466088,0.9968992557381546,1.0001314651940214
102.0,0.9990272169909549,0.9974111122630215,1.0006433217188881
103.0,0.9990950723572444,0.997478967629311,1.0007111770851778
104.0,0.9989464915985615,0.9973303868706281,1.0005625963264948
105.0,0.9984078371186909,0.9967917323907575,1.0000239418466241
106.0,0.998456146046461,0.9968400413185277,1.0000722507743944
107.0,0.9979321134549352,0.9963160087270018,0.9995482181828685
108.0,0.9976009696125415,0.9959848648846081,0.9992170743404749
109.0,0.9978667827604627,0.9962506780325293,0.9994828874883961
110.0,0.9976694711227821,0.9960533663948488,0.9992855758507155
111.0,0.9974692428410425,0.9958531381131092,0.9990853475689759
112.0,0.9973209013806675,0.9957047966527341,0.9989370061086009
113.0,0.9980771244966314,0.996461019768698,0.9996932292245648
114.0,0.9980468127818736,0.9964307080539402,0.999662917509807
115.0,0.9981759603067641,0.9965598555788308,0.9997920650346975
116.0,0.9980364003191428,0.9964202955912094,0.9996525050470761
117.0,0.9981982312844104,0.996582126556477,0.9998143360123438
118.0,0.998301162426233,0.9966850576982996,0.9999172671541664
119.0,0.9982347269256749,0.9966186221977416,0.9998508316536083
120.0,0.9983496144214776,0.9967335096935442,0.999965719149411
121.0,0.9982987686116408,0.9966826638837074,0.9999148733395742
122.0,0.9981779506413072,0.9965618459133738,0.9997940553692406
123.0,0.9981537787467535,0.9965376740188201,0.9997698834746869
124.0,0.9981969931472812,0.9965808884193478,0.9998130978752146
125.0,0.9981940982541658,0.9965779935262324,0.9998102029820992
126.0,0.9978097846728736,0.9961936799449402,0.999425889400807
127.0,0.9978933661997188,0.9962772614717854,0.9995094709276522
128.0,0.9977184342974598,0.9961023295695264,0.9993345390253932
129.0,0.9975602513651513,0.9959441466372179,0.9991763560930846
130.0,0.9977194778398359,0.9961033731119026,0.9993355825677693
131.0,0.9976210440489961,0.9960049393210627,0.9992371487769295
132.0,0.9976832404533239,0.9960671357253905,0.9992993451812573
133.0,0.9983464159807364,0.996730311252803,0.9999625207086698
134.0,0.9985486913064746,0.9969325865785412,1.000164796034408
135.0,0.9987191111572389,0.9971030064293055,1.0003352158851722
136.0,0.9984996159340689,0.9968835112061355,1.0001157206620022
137.0,0.9983975055074449,0.9967814007795115,1.0000136102353783
138.0,0.9984363443270694,0.996820239599136,1.0000524490550027
139.0,0.998544063176455,0.9969279584485217,1.0001601679043883
140.0,0.9984608099383576,0.9968447052104242,1.000076914666291
141.0,0.9985960808547423,0.9969799761268089,1.0002121855826756
142.0,0.9985434820177879,0.9969273772898545,1.0001595867457211
143.0,0.9986101422996854,0.996994037571752,1.0002262470276186
144.0,0.998516773760543,0.9969006690326097,1.0001328784884764
145.0,0.9984348754334749,0.9968187707055415,1.0000509801614081
146.0,0.9981843831492321,0.9965682784212987,0.9998004878771655
147.0,0.9974706135376723,0.9958545088097389,0.9990867182656057
148.0,0.9976049492745355,0.9959888445466021,0.9992210540024689
149.0,0.9974180406214475,0.9958019358935141,0.9990341453493808
150.0,0.9974564380541805,0.9958403333262471,0.9990725427821139
151.0,0.9979568527431646,0.9963407480152312,0.999572957471098
152.0,0.9976016675495546,0.9959855628216212,0.999217772277488
153.0,0.9974156067933025,0.9957995020653692,0.9990317115212359
154.0,0.9976881323732191,0.9960720276452857,0.9993042371011525
155.0,0.9976366390097899,0.9960205342818566,0.9992527437377233
156.0,0.9976698764737563,0.9960537717458229,0.9992859812016897
157.0,0.997620178479593,0.9960040737516596,0.9992362832075263
158.0,0.9976613127113158,0.9960452079833824,0.9992774174392491
159.0,0.9976257838095195,0.9960096790815861,0.9992418885374529
160.0,0.9977816264485734,0.99616552172064,0.9993977311765068
161.0,0.9976237958870336,0.9960076911591003,0.999239900614967
162.0,0.9976699350154445,0.9960538302875112,0.9992860397433779
163.0,0.9974528978627467,0.9958367931348133,0.9990690025906801
164.0,0.9973840598844681,0.9957679551565347,0.9990001646124015
165.0,0.9974273111150632,0.9958112063871298,0.9990434158429966
166.0,0.997548978792386,0.9959328740644526,0.9991650835203194
167.0,0.9973445315424079,0.9957284268144745,0.9989606362703413
168.0,0.9973615409170326,0.9957454361890992,0.9989776456449659
169.0,0.9974438358697487,0.9958277311418153,0.9990599405976821
170.0,0.9973527522550407,0.9957366475271073,0.9989688569829741
171.0,0.9972101450864426,0.9955940403585092,0.998826249814376
172.0,0.9975977167818254,0.995981612053892,0.9992138215097588
173.0,0.997326188338801,0.9957100836108677,0.9989422930667344
174.0,0.9972311842459465,0.9956150795180131,0.9988472889738799
175.0,0.9971159963810854,0.995499891653152,0.9987321011090188
176.0,0.9971319758509584,0.995515871123025,0.9987480805788918
177.0,0.9970822541208121,0.9954661493928787,0.9986983588487455
178.0,0.9971151375275764,0.995499032799643,0.9987312422555098
179.0,0.9970683811238309,0.9954522763958975,0.9986844858517643
180.0,0.9969991660091894,0.995383061281256,0.9986152707371228
181.0,0.9973972859625709,0.9957811812346375,0.9990133906905043
182.0,0.9971803738294363,0.9955642691015029,0.9987964785573696
183.0,0.9973298825258687,0.9957137777979354,0.9989459872538021
184.0,0.9973315590370567,0.9957154543091233,0.9989476637649901
185.0,0.9971170660854175,0.9955009613574841,0.9987331708133509
186.0,0.9972555798786435,0.9956394751507102,0.9988716846065769
187.0,0.9970812819753743,0.9954651772474409,0.9986973867033077
188.0,0.9969989275861575,0.9953828228582241,0.9986150323140909
189.0,0.9969594507298821,0.9953433460019487,0.9985755554578155
190.0,0.9969439906638501,0.9953278859359167,0.9985600953917835
191.0,0.9967390167883378,0.9951229120604044,0.9983551215162711
192.0,0.9967755210865125,0.9951594163585791,0.9983916258144458
193.0,0.9968254084713096,0.9952093037433762,0.998441513199243
194.0,0.9967696858434525,0.9951535811155191,0.9983857905713859
195.0,0.9969243127321475,0.9953082080042142,0.9985404174600809
196.0,0.9968853709929809,0.9952692662650475,0.9985014757209143
197.0,0.9970679557694262,0.9954518510414928,0.9986840604973596
198.0,0.9969361490807038,0.9953200443527704,0.9985522538086372
199.0,0.9969485208772948,0.9953324161493614,0.9985646256052282
200.0,0.9965686613499123,0.9949525566219789,0.9981847660778457
201.0,0.9965852645328065,0.9949691598048731,0.9982013692607399
202.0,0.9966637937483824,0.995047689020449,0.9982798984763158
203.0,0.996794324285432,0.9951782195574986,0.9984104290133654
204.0,0.996838149608804,0.9952220448808706,0.9984542543367374
205.0,0.9970124991358184,0.995396394407885,0.9986286038637517
206.0,0.9970202232879036,0.9954041185599702,0.998636328015837
207.0,0.997013092568369,0.9953969878404356,0.9986291972963024
208.0,0.9972145613765034,0.99559845664857,0.9988306661044368
209.0,0.9972394806216599,0.9956233758937265,0.9988555853495933
210.0,0.9971056042150238,0.9954894994870904,0.9987217089429572
211.0,0.9972302516787793,0.9956141469508459,0.9988463564067127
212.0,0.9972246411962908,0.9956085364683575,0.9988407459242242
213.0,0.9973559614209988,0.9957398566930654,0.9989720661489322
214.0,0.9972568973866281,0.9956407926586948,0.9988730021145615
215.0,0.9973749986464486,0.9957588939185152,0.998991103374382
216.0,0.9975756066821977,0.9959595019542643,0.9991917114101311
217.0,0.997722818060741,0.9961067133328076,0.9993389227886744
218.0,0.997720427772143,0.9961043230442096,0.9993365325000764
219.0,0.9976971753511903,0.9960810706232569,0.9993132800791237
220.0,0.9974623440394189,0.9958462393114855,0.9990784487673523
221.0,0.9974680309103806,0.9958519261824472,0.999084135638314
222.0,0.9973845481303827,0.9957684434024493,0.9990006528583161
223.0,0.9973337345148386,0.9957176297869053,0.998949839242772
224.0,0.9975016359548942,0.9958855312269608,0.9991177406828275
225.0,0.997647072233299,0.9960309675053656,0.9992631769612323
226.0,0.9977269597159933,0.99611085498806,0.9993430644439267
227.0,0.9976100330859501,0.9959939283580167,0.9992261378138835
228.0,0.9975429358295955,0.9959268311016621,0.9991590405575289
229.0,0.9975718646828288,0.9959557599548954,0.9991879694107622
230.0,0.9974308763163376,0.9958147715884043,0.999046981044271
231.0,0.9974459374882202,0.9958298327602868,0.9990620422161536
232.0,0.9975225742515244,0.995906469523591,0.9991386789794577
233.0,0.9976522221482931,0.9960361174203597,0.9992683268762265
234.0,0.9978389043396294,0.996222799611696,0.9994550090675628
235.0,0.9979927417611639,0.9963766370332305,0.9996088464890973
236.0,0.9981502747871187,0.9965341700591853,0.9997663795150521
237.0,0.9983002764563197,0.9966841717283863,0.9999163811842531
238.0,0.9983916755220825,0.9967755707941491,1.0000077802500158
239.0,0.998423070445792,0.9968069657178587,1.0000391751737254
240.0,0.9984762685062699,0.9968601637783365,1.0000923732342033
241.0,0.9985985698674734,0.99698246513954,1.0002146745954068
242.0,0.9986826008588404,0.997066496130907,1.0002987055867738
243.0,0.998619433657356,0.9970033289294226,1.0002355383852892
244.0,0.9987092457484233,0.99709314102049,1.0003253504763567
245.0,0.998840365829215,0.9972242611012816,1.0004564705571484
246.0,0.998693327582954,0.9970772228550207,1.0003094323108874
247.0,0.9987160666410893,0.9970999619131559,1.0003321713690225
248.0,0.9985680535856413,0.9969519488577079,1.0001841583135747
249.0,0.9986202623223227,0.9970041575943893,1.000236367050256
250.0,0.9984306808785983,0.9968145761506649,1.0000467856065316
251.0,0.9984607956650385,0.9968446909371051,1.000076900392972
252.0,0.9985384273102575,0.9969223225823242,1.0001545320381908
253.0,0.9984234679291623,0.9968073632012289,1.0000395726570956
254.0,0.9984731685678946,0.9968570638399612,1.000089273295828
255.0,0.9983920161353416,0.9967759114074082,1.000008120863275
256.0,0.9985158381770222,0.9968997334490888,1.0001319429049556
257.0,0.9984986425980965,0.9968825378701631,1.00011474732603
258.0,0.9983264334422982,0.9967103287143648,0.9999425381702316
259.0,0.9985284233204533,0.9969123185925199,1.0001445280483867
260.0,0.9986181406622703,0.9970020359343369,1.0002342453902036
261.0,0.9986016265294919,0.9969855218015585,1.0002177312574252
262.0,0.998617347133659,0.9970012424057256,1.0002334518615923
263.0,0.9985275845722926,0.9969114798443592,1.000143689300226
264.0,0.9983345738026054,0.996718469074672,0.9999506785305388
265.0,0.9983015739981635,0.9966854692702302,0.9999176787260969
266.0,0.9984773146454097,0.9968612099174763,1.000093419373343
267.0,0.9985798372619363,0.9969637325340029,1.0001959419898696
268.0,0.9986971698294544,0.9970810651015211,1.0003132745573877
269.0,0.9984510048765961,0.9968349001486627,1.0000671096045295
270.0,0.9985075848018923,0.9968914800739589,1.0001236895298256
271.0,0.9984835387162331,0.9968674339882997,1.0000996434441665
272.0,0.9985605961933395,0.9969444914654061,1.0001767009212728
273.0,0.9984789207459764,0.996862816018043,1.0000950254739098
274.0,0.9983021241627938,0.9966860194348605,0.9999182288907272
275.0,0.9981950711414365,0.9965789664135031,0.9998111758693699
276.0,0.9981036242965579,0.9964875195686245,0.9997197290244912
277.0,0.9981091632072188,0.9964930584792854,0.9997252679351522
278.0,0.9980069794141914,0.996390874686258,0.9996230841421248
279.0,0.9981041760057776,0.9964880712778442,0.999720280733711
280.0,0.9981750898109256,0.9965589850829922,0.999791194538859
281.0,0.9982933150316654,0.996677210303732,0.9999094197595988
282.0,0.9982199584766506,0.9966038537487172,0.999836063204584
283.0,0.9982847392275506,0.9966686344996172,0.999900843955484
284.0,0.9983269467589982,0.9967108420310649,0.9999430514869316
285.0,0.9983504368785235,0.9967343321505902,0.9999665416064569
286.0,0.9982170207800728,0.9966009160521394,0.9998331255080062
287.0,0.9982056233531602,0.9965895186252268,0.9998217280810936
288.0,0.998298584620623,0.9966824798926897,0.9999146893485564
289.0,0.9981662659609434,0.99655016123301,0.9997823706888768
290.0,0.9981850182678846,0.9965689135399513,0.999801122995818
291.0,0.9979206191238292,0.9963045143958958,0.9995367238517626
292.0,0.9979257503077639,0.9963096455798305,0.9995418550356973
293.0,0.9979223856549662,0.9963062809270328,0.9995384903828995
294.0,0.9979793301884736,0.9963632254605402,0.999595434916407
295.0,0.9978895885282462,0.9962734838003128,0.9995056932561796
296.0,0.9978315821384346,0.9962154774105012,0.999447686866368
297.0,0.9976744153474421,0.9960583106195087,0.9992905200753754
298.0,0.9979141568715851,0.9962980521436517,0.9995302615995185
299.0,0.998013879713709,0.9963977749857756,0.9996299844416424
300.0,0.9981581513918847,0.9965420466639513,0.9997742561198181
301.0,0.9983661994720013,0.996750094744068,0.9999823041999347
302.0,0.9984701187900111,0.9968540140620777,1.0000862235179444
303.0,0.9985160867101924,0.996899981982259,1.0001321914381258
304.0,0.9985830189704334,0.9969669142425001,1.0001991236983667
305.0,0.9984369797269101,0.9968208749989768,1.0000530844548434
306.0,0.9983077108812214,0.996691606153288,0.9999238156091548
307.0,0.9982165106844402,0.9966004059565068,0.9998326154123736
308.0,0.9980799702575897,0.9964638655296563,0.999696074985523
309.0,0.9981926405626762,0.9965765358347428,0.9998087452906096
310.0,0.9981802000244966,0.9965640952965632,0.99979630475243
311.0,0.998062922464341,0.9964468177364076,0.9996790271922744
312.0,0.9980613473033838,0.9964452425754504,0.9996774520313172
313.0,0.9980009930359643,0.996384888308031,0.9996170977638977
314.0,0.9981068179635453,0.9964907132356119,0.9997229226914787
315.0,0.9980151064081019,0.9963990016801685,0.9996312111360353
316.0,0.9979792477302277,0.9963631430022943,0.9995953524581611
317.0,0.9977877480004396,0.9961716432725062,0.999403852728373
318.0,0.9981639212175526,0.9965478164896192,0.999780025945486
319.0,0.9981195127072084,0.9965034079792751,0.9997356174351418
320.0,0.9981311429819726,0.9965150382540392,0.999747247709906
321.0,0.9981601823768906,0.9965440776489572,0.999776287104824
322.0,0.9981272462715544,0.996511141543621,0.9997433509994877
323.0,0.998131103727627,0.9965149989996936,0.9997472084555604
324.0,0.99815782338455,0.9965417186566166,0.9997739281124833
325.0,0.9982482470434698,0.9966321423155364,0.9998643517714032
326.0,0.9982984036205481,0.9966822988926147,0.9999145083484815
327.0,0.9981370955110571,0.9965209907831237,0.9997532002389905
328.0,0.9981955773679202,0.9965794726399868,0.9998116820958536
329.0,0.9981049876286666,0.9964888829007332,0.9997210923566
330.0,0.9981490622682956,0.9965329575403622,0.999765166996229
331.0,0.998223254506241,0.9966071497783077,0.9998393592341744
332.0,0.9982321906246834,0.99661608589675,0.9998482953526168
333.0,0.9981077983695223,0.996491693641589,0.9997239030974557
334.0,0.9982139574519774,0.996597852724044,0.9998300621799108
335.0,0.9982394466593861,0.9966233419314527,0.9998555513873195
336.0,0.9981176319351851,0.9965015272072517,0.9997337366631185
337.0,0.9980492094391802,0.9964331047112468,0.9996653141671136
338.0,0.9980406518663302,0.9964245471383968,0.9996567565942636
339.0,0.9981417373722079,0.9965256326442745,0.9997578421001413
340.0,0.9981212548254575,0.9965051500975242,0.9997373595533909
341.0,0.9981239934312877,0.9965078887033543,0.999740098159221
342.0,0.9981562680361937,0.9965401633082603,0.9997723727641271
343.0,0.9980334634695228,0.9964173587415894,0.9996495681974562
344.0,0.9979458544188435,0.9963297496909101,0.9995619591467769
345.0,0.998020681381304,0.9964045766533706,0.9996367861092373
346.0,0.9981265774731322,0.9965104727451988,0.9997426822010655
347.0,0.9981166888113793,0.9965005840834459,0.9997327935393127
348.0,0.9979566223709601,0.9963405176430267,0.9995727270988934
349.0,0.9980302167473774,0.996414112019444,0.9996463214753107
350.0,0.9978786953358828,0.9962625906079494,0.9994948000638162
351.0,0.9979326022481027,0.9963164975201693,0.999548706976036
352.0,0.998073686842503,0.9964575821145696,0.9996897915704364
353.0,0.9981555143899304,0.996539409661997,0.9997716191178638
354.0,0.9980728059134863,0.996456701185553,0.9996889106414197
355.0,0.9982817504262501,0.9966656456983167,0.9998978551541835
356.0,0.9982827019488918,0.9966665972209584,0.9998988066768252
357.0,0.9982873680029271,0.9966712632749937,0.9999034727308604
358.0,0.9982397071827802,0.9966236024548468,0.9998558119107136
359.0,0.998124633019929,0.9965085282919957,0.9997407377478624
360.0,0.9980799370099714,0.996463832282038,0.9996960417379048
361.0,0.9979982640378938,0.9963821593099604,0.9996143687658272
362.0,0.998033643428594,0.9964175387006606,0.9996497481565274
363.0,0.9980423406450808,0.9964262359171474,0.9996584453730142
364.0,0.9979799901449926,0.9963638854170592,0.999596094872926
365.0,0.9980295851219415,0.9964134803940081,0.9996456898498749
366.0,0.9979928555022389,0.9963767507743055,0.9996089602301723
367.0,0.9979600373661645,0.9963439326382311,0.9995761420940978
368.0,0.9980773266427656,0.9964612219148322,0.999693431370699
369.0,0.9981083299647061,0.9964922252367727,0.9997244346926395
370.0,0.998212079481304,0.9965959747533706,0.9998281842092374
371.0,0.9982800759575203,0.9966639712295869,0.9998961806854537
372.0,0.9982907355423647,0.9966746308144313,0.9999068402702981
373.0,0.9982773086781304,0.996661203950197,0.9998934134060637
374.0,0.9981130673142399,0.9964969625863065,0.9997291720421733
375.0,0.9981333423814164,0.996517237653483,0.9997494471093498
376.0,0.9980120177147217,0.9963959129867883,0.9996281224426551
377.0,0.9979074631953616,0.9962913584674282,0.999523567923295
378.0,0.9978654596126457,0.9962493548847123,0.9994815643405791
379.0,0.9977585467563826,0.9961424420284493,0.999374651484316
380.0,0.9978320029637382,0.9962158982358048,0.9994481076916716
381.0,0.9978527116739484,0.996236606946015,0.9994688164018818
382.0,0.9978211348034147,0.9962050300754813,0.9994372395313481
383.0,0.9978277926598034,0.99621168793187,0.9994438973877368
384.0,0.9980016583264404,0.996385553598507,0.9996177630543738
385.0,0.9978819045619526,0.9962657998340192,0.999498009289886
386.0,0.9977205303873534,0.99610442565942,0.9993366351152868
387.0,0.9977549835764902,0.9961388788485568,0.9993710883044236
388.0,0.9978300881525962,0.9962139834246628,0.9994461928805296
389.0,0.9977564873972172,0.9961403826692838,0.9993725921251506
390.0,0.997705766894366,0.9960896621664326,0.9993218716222994
391.0,0.9977109275154802,0.9960948227875468,0.9993270322434136
392.0,0.9976059548674641,0.9959898501395307,0.9992220595953974
393.0,0.997612421193976,0.9959963164660426,0.9992285259219094
394.0,0.9975571025986623,0.9959409978707289,0.9991732073265956
395.0,0.9974335514039795,0.9958174466760461,0.9990496561319129
396.0,0.9974792483832787,0.9958631436553453,0.9990953531112121
397.0,0.9974245216074397,0.9958084168795063,0.999040626335373
398.0,0.9972980564372967,0.9956819517093634,0.9989141611652301
399.0,0.9972209304377238,0.9956048257097904,0.9988370351656571
400.0,0.9972723663365393,0.9956562616086059,0.9988884710644726
401.0,0.9973335824564342,0.9957174777285008,0.9989496871843676
402.0,0.9974570339280738,0.9958409292001404,0.9990731386560072
403.0,0.9975096049499305,0.9958935002219971,0.9991257096778638
404.0,0.9974737959367773,0.9958576912088439,0.9990899006647107
405.0,0.9974380531165734,0.99582194838864,0.9990541578445068
406.0,0.9974595291464811,0.9958434244185477,0.9990756338744144
407.0,0.9973500931274574,0.995733988399524,0.9989661978553908
408.0,0.9972552243543602,0.9956391196264268,0.9988713290822936
409.0,0.9973540115991888,0.9957379068712554,0.9989701163271222
410.0,0.997402148426351,0.9957860436984176,0.9990182531542844
411.0,0.9973453153715792,0.9957292106436458,0.9989614200995126
412.0,0.997280627037146,0.9956645223092127,0.9988967317650794
413.0,0.997193372118127,0.9955772673901936,0.9988094768460604
414.0,0.9972539455381623,0.9956378408102289,0.9988700502660957
415.0,0.9972128102031742,0.9955967054752408,0.9988289149311076
416.0,0.9972902010051652,0.9956740962772318,0.9989063057330986
417.0,0.9973526913105661,0.9957365865826328,0.9989687960384995
418.0,0.9974448600304995,0.9958287553025661,0.9990609647584329
419.0,0.9974061509073759,0.9957900461794426,0.9990222556353093
420.0,0.997444951548284,0.9958288468203507,0.9990610562762174
421.0,0.9975903955316201,0.9959742908036867,0.9992065002595535
422.0,0.9976280131703105,0.9960119084423771,0.9992441178982439
423.0,0.9975832938342206,0.9959671891062872,0.999199398562154
424.0,0.997627526777962,0.9960114220500286,0.9992436315058953
425.0,0.9976105935275539,0.9959944887996205,0.9992266982554873
426.0,0.9976938425152667,0.9960777377873333,0.9993099472432001
427.0,0.9978308050243418,0.9962147002964085,0.9994469097522752
428.0,0.9977549918378783,0.9961388871099449,0.9993710965658117
429.0,0.9977058999290289,0.9960897952010955,0.9993220046569623
430.0,0.9977285134887612,0.9961124087608278,0.9993446182166946
431.0,0.9977094326415812,0.9960933279136478,0.9993255373695146
432.0,0.9977518339419525,0.9961357292140192,0.9993679386698859
433.0,0.997653846389237,0.9960377416613037,0.9992699511171704
434.0,0.9976573603927529,0.9960412556648195,0.9992734651206863
435.0,0.9976117665084877,0.9959956617805543,0.9992278712364211
436.0,0.9976435984298265,0.9960274937018931,0.9992597031577599
437.0,0.9976390731454673,0.9960229684175339,0.9992551778734007
438.0,0.997618975845962,0.9960028711180287,0.9992350805738954
439.0,0.9976166589279979,0.9960005542000645,0.9992327636559313
440.0,0.9976160556355632,0.9959999509076298,0.9992321603634966
441.0,0.9976039563474237,0.9959878516194903,0.9992200610753571
442.0,0.9976025337928598,0.9959864290649264,0.9992186385207932
443.0,0.9976311751146193,0.9960150703866859,0.9992472798425527
444.0,0.9976805030610535,0.9960643983331201,0.9992966077889869
445.0,0.9976105116708286,0.9959944069428952,0.999226616398762
446.0,0.9976432366936868,0.9960271319657534,0.9992593414216202
447.0,0.9976700602629831,0.9960539555350497,0.9992861649909165
448.0,0.9976867276200599,0.9960706228921266,0.9993028323479933
449.0,0.9977464120851057,0.9961303073571723,0.9993625168130391
450.0,0.9977002689260308,0.9960841641980974,0.9993163736539642
451.0,0.9977848459677185,0.9961687412397852,0.9994009506956519
452.0,0.9978035005419088,0.9961873958139754,0.9994196052698422
453.0,0.9978902552860907,0.9962741505581573,0.999506360014024
454.0,0.9979295462506149,0.9963134415226815,0.9995456509785483
455.0,0.9980054003609404,0.996389295633007,0.9996215050888738
456.0,0.9980023709980624,0.996386266270129,0.9996184757259958
457.0,0.9980092855079656,0.9963931807800323,0.999625390235899
458.0,0.9979505199160444,0.9963344151881111,0.9995666246439778
459.0,0.9979095868060902,0.9962934820781568,0.9995256915340236
460.0,0.9979422536097898,0.9963261488818564,0.9995583583377232
461.0,0.9980468967642631,0.9964307920363297,0.9996630014921964
462.0,0.9980264143274294,0.9964103095994961,0.9996425190553628
463.0,0.9979858151863675,0.9963697104584341,0.9996019199143009
464.0,0.9979870101215369,0.9963709053936035,0.9996031148494703
465.0,0.9979769238622919,0.9963608191343585,0.9995930285902253
466.0,0.9981017694099948,0.9964856646820615,0.9997178741379282
467.0,0.9981672175991094,0.996551112871176,0.9997833223270428
468.0,0.9981762080752278,0.9965601033472944,0.9997923128031612
469.0,0.9982042797635179,0.9965881750355845,0.9998203844914513
470.0,0.9982264016542692,0.9966102969263358,0.9998425063822026
471.0,0.998223518983452,0.9966074142555186,0.9998396237113854
472.0,0.998210715577604,0.9965946108496706,0.9998268203055374
473.0,0.9982975437917334,0.9966814390638,0.9999136485196668
474.0,0.9983062050227162,0.9966901002947828,0.9999223097506496
475.0,0.9982665207131997,0.9966504159852663,0.999882625441133
476.0,0.9983082660120531,0.9966921612841197,0.9999243707399865
477.0,0.9982478503395288,0.9966317456115954,0.9998639550674622
478.0,0.9982057910225154,0.996589686294582,0.9998218957504488
479.0,0.9981365764845157,0.9965204717565823,0.9997526812124491
480.0,0.9980815462095687,0.9964654414816353,0.9996976509375021
481.0,0.9980813357040123,0.9964652309760789,0.9996974404319456
482.0,0.99805654690854,0.9964404421806066,0.9996726516364733
483.0,0.9980350030125842,0.9964188982846508,0.9996511077405176
484.0,0.9980247924828562,0.9964086877549229,0.9996408972107896
485.0,0.9980179320054896,0.9964018272775562,0.999634036733423
486.0,0.9980813373422089,0.9964652326142756,0.9996974420701423
487.0,0.9980424556690842,0.9964263509411508,0.9996585603970176
488.0,0.9980180974340632,0.9964019927061298,0.9996342021619966
489.0,0.9979639306722071,0.9963478259442737,0.9995800354001405
490.0,0.9979325256852641,0.9963164209573308,0.9995486304131975
491.0,0.9979390213990456,0.9963229166711122,0.9995551261269789
492.0,0.9978993350284454,0.996283230300512,0.9995154397563788
493.0,0.9979668235830809,0.9963507188551475,0.9995829283110143
494.0,0.9980281403093275,0.9964120355813941,0.9996442450372609
495.0,0.9980635548730286,0.9964474501450952,0.999679659600962
496.0,0.9979327239038979,0.9963166191759645,0.9995488286318313
497.0,0.9979550709376974,0.996338966209764,0.9995711756656308
498.0,0.9979207336555307,0.9963046289275973,0.9995368383834641
499.0,0.9979131718868286,0.9962970671588952,0.999529276614762
500.0,0.9979417562861429,0.9963256515582095,0.9995578610140763
501.0,0.9979052635406906,0.9962891588127573,0.999521368268624
502.0,0.9979206058602309,0.9963045011322975,0.9995367105881643
503.0,0.9979249515820817,0.9963088468541483,0.9995410563100151
504.0,0.9979490411933132,0.9963329364653798,0.9995651459212466
505.0,0.9980353454948243,0.9964192407668909,0.9996514502227577
506.0,0.9979873843826959,0.9963712796547625,0.9996034891106292
507.0,0.9979377926370705,0.9963216879091371,0.9995538973650039
508.0,0.9980577500192708,0.9964416452913374,0.9996738547472042
509.0,0.9981690133348796,0.9965529086069462,0.999785118062813
510.0,0.99821499941641,0.9965988946884766,0.9998311041443434
511.0,0.9982548290746781,0.9966387243467447,0.9998709338026115
512.0,0.9982818052115754,0.996665700483642,0.9998979099395088
513.0,0.9983765542314365,0.9967604495035031,0.9999926589593698
514.0,0.9983448407857134,0.99672873605778,0.9999609455136468
515.0,0.9983556814715182,0.9967395767435848,0.9999717861994516
516.0,0.9983646057048636,0.9967485009769302,0.999980710432797
517.0,0.998397964325198,0.9967818595972646,1.0000140690531314
518.0,0.9983427467954165,0.9967266420674831,0.9999588515233498
519.0,0.9983938625706716,0.9967777578427383,1.000009967298605
520.0,0.9984106354345972,0.9967945307066638,1.0000267401625305
521.0,0.9983637945934261,0.9967476898654927,0.9999798993213594
522.0,0.9982794258780261,0.9966633211500927,0.9998955306059595
523.0,0.9982346698991666,0.9966185651712333,0.9998507746271
524.0,0.9983042761727136,0.9966881714447802,0.9999203809006469
525.0,0.9983890145832187,0.9967729098552853,1.000005119311152
526.0,0.9984667575506564,0.996850652822723,1.0000828622785898
527.0,0.9984500049672169,0.9968339002392835,1.0000661096951502
528.0,0.9985969062007332,0.9969808014727998,1.0002130109286664
529.0,0.9985786526359676,0.9969625479080342,1.000194757363901
530.0,0.9985878438300698,0.9969717391021364,1.0002039485580032
531.0,0.9986060997376339,0.9969899950097005,1.0002222044655673
532.0,0.998668830888539,0.9970527261606056,1.0002849356164722
533.0,0.9987010876383594,0.997084982910426,1.0003171923662928
534.0,0.9987090646126332,0.9970929598846998,1.0003251693405666
535.0,0.9988619703487652,0.9972458656208318,1.0004780750766986
536.0,0.99879835865268,0.9971822539247466,1.0004144633806134
537.0,0.998703402734553,0.9970872980066197,1.0003195074624864
538.0,0.9986862041797526,0.9970700994518192,1.000302308907686
539.0,0.9986146983414027,0.9969985936134693,1.000230803069336
540.0,0.9985137422490229,0.9968976375210895,1.0001298469769562
541.0,0.998476313180009,0.9968602084520756,1.0000924179079422
542.0,0.9985737301441531,0.9969576254162197,1.0001898348720863
543.0,0.9985918215483224,0.996975716820389,1.0002079262762558
544.0,0.998555635221883,0.9969395304939496,1.0001717399498162
545.0,0.9985325937201845,0.9969164889922512,1.0001486984481178
546.0,0.998530579377674,0.9969144746497406,1.0001466841056073
547.0,0.9984988865747086,0.9968827818467753,1.000114991302642
548.0,0.9984598464917112,0.9968437417637778,1.0000759512196444
549.0,0.9984579580975558,0.9968418533696224,1.0000740628254892
550.0,0.9984595321626984,0.9968434274347651,1.0000756368906318
551.0,0.9985206237257517,0.9969045189978183,1.000136728453685
552.0,0.998539634208373,0.9969235294804396,1.0001557389363063
553.0,0.9984928340636613,0.9968767293357279,1.0001089387915947
554.0,0.9984080028645568,0.9967918981366234,1.00002410759249
555.0,0.998323805873257,0.9967077011453236,0.9999399106011904
556.0,0.9983080331318666,0.9966919284039332,0.9999241378597999
557.0,0.9983394857323559,0.9967233810044225,0.9999555904602893
558.0,0.9983958658467458,0.9967797611188124,1.000011970574679
559.0,0.9983732684279494,0.996757163700016,0.9999893731558828
560.0,0.9982948989206842,0.9966787941927508,0.9999110036486176
561.0,0.9983301338343379,0.9967140291064045,0.9999462385622713
562.0,0.9983402954137863,0.9967241906858529,0.9999564001417197
563.0,0.9982968393418907,0.9966807346139573,0.9999129440698241
564.0,0.9983174431380701,0.9967013384101368,0.9999335478660035
565.0,0.9983542325673807,0.9967381278394473,0.999970337295314
566.0,0.9982924007094647,0.9966762959815313,0.9999085054373981
567.0,0.9982736006615563,0.996657495933623,0.9998897053894897
568.0,0.9983286041552754,0.996712499427342,0.9999447088832087
569.0,0.9983177486907672,0.9967016439628338,0.9999338534187006
570.0,0.9983036710902178,0.9966875663622844,0.9999197758181512
571.0,0.9983516244273575,0.9967355196994241,0.9999677291552909
572.0,0.998396375550293,0.9967802708223596,1.0000124802782264
573.0,0.9984016441937129,0.9967855394657795,1.0000177489216462
574.0,0.9983706262307936,0.9967545215028603,0.999986730958727
575.0,0.9984165977340045,0.9968004930060711,1.0000327024619378
576.0,0.9984734005378118,0.9968572958098784,1.000089505265745
577.0,0.9984551792818411,0.9968390745539077,1.0000712840097745
578.0,0.9984467256668014,0.996830620938868,1.0000628303947348
579.0,0.9984713859989365,0.9968552812710031,1.0000874907268698
580.0,0.9984772921274098,0.9968611873994764,1.0000933968553432
581.0,0.9985452115635014,0.996929106835568,1.0001613162914347
582.0,0.998535918562062,0.9969198138341286,1.0001520232899954
583.0,0.9985012347348048,0.9968851300068714,1.000117339462738
584.0,0.9985504252621141,0.9969343205341807,1.0001665299900475
585.0,0.9985723012755461,0.9969561965476127,1.0001884060034794
586.0,0.9985678976516918,0.9969517929237585,1.0001840023796251
587.0,0.9985111504991284,0.996895045771195,1.0001272552270617
588.0,0.9984899749642329,0.9968738702362995,1.0001060796921661
589.0,0.9985297343243612,0.9969136295964278,1.0001458390522946
590.0,0.9985923981029458,0.9969762933750124,1.0002085028308791
591.0,0.9985756976666722,0.9969595929387388,1.0001918023946055
592.0,0.9985443086488557,0.9969282039209223,1.000160413376789
593.0,0.9985909514787978,0.9969748467508645,1.0002070562067311
594.0,0.998648872893301,0.9970327681653676,1.0002649776212342
595.0,0.9986946284562017,0.9970785237282683,1.000310733184135
596.0,0.9987034823935933,0.9970873776656599,1.0003195871215267
597.0,0.998739696057114,0.9971235913291806,1.0003558007850473
598.0,0.9987391634119169,0.9971230586839835,1.0003552681398502
599.0,0.9987660256708792,0.9971499209429459,1.0003821303988125
600.0,0.9987935115420398,0.9971774068141064,1.0004096162699732
601.0,0.9987874640734563,0.9971713593455229,1.0004035688013897
602.0,0.9987911523728221,0.9971750476448887,1.0004072571007554
603.0,0.998767574589355,0.9971514698614216,1.0003836793172882
604.0,0.9986996811195582,0.9970835763916248,1.0003157858474916
605.0,0.9986346498074683,0.9970185450795349,1.0002507545354016
606.0,0.9986362636912499,0.9970201589633165,1.0002523684191833
607.0,0.9986067163081057,0.9969906115801723,1.000222821036039
608.0,0.998616153420658,0.9970000486927246,1.0002322581485914
609.0,0.9986237024858698,0.9970075977579365,1.0002398072138032
610.0,0.9985803843949355,0.9969642796670021,1.0001964891228687
611.0,0.9985535746206032,0.9969374698926698,1.0001696793485366
612.0,0.9985284805797542,0.9969123758518208,1.0001445853076876
613.0,0.9985585387353333,0.9969424340073999,1.0001746434632666
614.0,0.99861040296021,0.9969942982322766,1.0002265076881434
615.0,0.9986663817812896,0.9970502770533562,1.000282486509223
616.0,0.9987068151464551,0.9970907104185217,1.0003229198743884
617.0,0.9987642470301448,0.9971481423022114,1.000380351758078
618.0,0.99882612393604,0.9972100192081066,1.0004422286639734
619.0,0.9988090675876764,0.997192962859743,1.0004251723156097
620.0,0.9988031153152345,0.9971870105873011,1.0004192200431679
621.0,0.9987844100855221,0.9971683053575887,1.0004005148134554
622.0,0.9987986778277512,0.9971825730998178,1.0004147825556846
623.0,0.9988674804676951,0.9972513757397617,1.0004835851956284
624.0,0.9988875732278873,0.997271468499954,1.0005036779558207
625.0,0.9990321838480067,0.9974160791200734,1.00064828857594
626.0,0.999062474727393,0.9974463699994596,1.0006785794553263
627.0,0.9991561251491955,0.9975400204212621,1.0007722298771289
628.0,0.9992358368546909,0.9976197321267575,1.0008519415826242
629.0,0.9992165293212013,0.9976004245932679,1.0008326340491347
630.0,0.9992654411584083,0.9976493364304749,1.0008815458863416
631.0,0.9994092695988352,0.9977931648709019,1.0010253743267685
632.0,0.9994583786343705,0.9978422739064371,1.0010744833623038
633.0,0.9994675949815889,0.9978514902536555,1.0010836997095223
634.0,0.9994952782612764,0.997879173533343,1.0011113829892098
635.0,0.9995307413851957,0.9979146366572623,1.001146846113129
636.0,0.9996503084687131,0.9980342037407797,1.0012664131966464
637.0,0.999629205257017,0.9980131005290837,1.0012453099849503
638.0,0.9995981650928095,0.9979820603648761,1.001214269820743
639.0,0.9996647959599968,0.9980486912320634,1.0012809006879302
640.0,0.9996550586041547,0.9980389538762213,1.001271163332088
641.0,0.9996545392279195,0.9980384344999861,1.0012706439558527
642.0,0.9996413406193929,0.9980252358914595,1.0012574453473262
643.0,0.9995800988987305,0.9979639941707971,1.0011962036266637
644.0,0.9995993921198151,0.9979832873918817,1.0012154968477485
645.0,0.9996290504428582,0.9980129457149248,1.0012451551707915
646.0,0.9996442540336578,0.9980281493057244,1.0012603587615911
647.0,0.9996438856071502,0.9980277808792168,1.0012599903350836
648.0,0.9995818397743591,0.9979657350464257,1.0011979445022925
649.0,0.9996050150587016,0.9979889103307682,1.001221119786635
650.0,0.9995429978910136,0.9979268931630803,1.001159102618947
651.0,0.9995286700953965,0.9979125653674631,1.0011447748233298
652.0,0.9995032266862581,0.9978871219583247,1.0011193314141915
653.0,0.9995609495689174,0.997944844840984,1.0011770542968508
654.0,0.9996535565988193,0.9980374518708859,1.0012696613267527
655.0,0.9996394480350992,0.9980233433071658,1.0012555527630325
656.0,0.9996624653398335,0.9980463606119001,1.0012785700677669
657.0,0.9996537737335978,0.9980376690056644,1.001269878461531
658.0,0.9996560591457979,0.9980399544178645,1.0012721638737312
659.0,0.9996323778660712,0.9980162731381378,1.0012484825940045
660.0,0.9996335990458463,0.9980174943179129,1.0012497037737795
661.0,0.9996963255798273,0.998080220851894,1.0013124303077607
662.0,0.9996682791893118,0.9980521744613784,1.0012843839172452
663.0,0.9996259114522443,0.9980098067243109,1.0012420161801776
664.0,0.9996873084050729,0.9980712036771395,1.0013034131330063
665.0,0.9996747673283748,0.9980586626004414,1.001290872056308
666.0,0.9996074694668236,0.9979913647388902,1.0012235741947568
667.0,0.9996290053133455,0.9980129005854121,1.001245110041279
668.0,0.9996684863743004,0.998052381646367,1.0012845911022337
669.0,0.999656027825127,0.9980399230971936,1.0012721325530602
670.0,0.9996657950280795,0.9980496903001461,1.001281899756013
671.0,0.9996640703926957,0.9980479656647623,1.001280175120629
672.0,0.9996434273046196,0.9980273225766862,1.001259532032553
673.0,0.9995725310012837,0.9979564262733503,1.001188635729217
674.0,0.9995564740044113,0.9979403692764779,1.0011725787323447
675.0,0.9995490977118198,0.9979329929838864,1.001165202439753
676.0,0.9994375421357852,0.9978214374078518,1.0010536468637186
677.0,0.999448753254111,0.9978326485261776,1.0010648579820443
678.0,0.9994216473622771,0.9978055426343437,1.0010377520902105
679.0,0.9994360570527724,0.997819952324839,1.0010521617807058
680.0,0.9994562819329457,0.9978401772050123,1.001072386660879
681.0,0.9994835774254371,0.9978674726975038,1.0010996821533704
682.0,0.9995057344536747,0.9978896297257414,1.0011218391816081
683.0,0.9995952054134701,0.9979791006855367,1.0012113101414035
684.0,0.9995466907681111,0.9979305860401777,1.0011627954960445
685.0,0.9995067840933122,0.9978906793653788,1.0011228888212456
686.0,0.999547901269188,0.9979317965412546,1.0011640059971214
687.0,0.9995495523992068,0.9979334476712735,1.0011656571271401
688.0,0.9995524503239314,0.997936345595998,1.0011685550518648
689.0,0.9996014372932291,0.9979853325652958,1.0012175420211624
690.0,0.9995997888033078,0.9979836840753744,1.0012158935312412
691.0,0.9996094155591462,0.9979933108312128,1.0012255202870795
692.0,0.9996199331383465,0.9980038284104131,1.00123603786628
693.0,0.9995748617355078,0.9979587570075744,1.001190966463441
694.0,0.9995918715748754,0.997975766846942,1.0012079763028088
695.0,0.9996315083681167,0.9980154036401833,1.00124761309605
696.0,0.9995753143945474,0.997959209666614,1.0011914191224807
697.0,0.9995452482539904,0.997929143526057,1.0011613529819237
698.0,0.9995963547624536,0.9979802500345202,1.0012124594903868
699.0,0.9997015855904259,0.9980854808624925,1.0013176903183592
700.0,0.9996193709127418,0.9980032661848084,1.0012354756406752
701.0,0.9995895601714092,0.9979734554434758,1.0012056648993426
702.0,0.9995494842225832,0.9979333794946498,1.0011655889505164
703.0,0.9995692121492896,0.9979531074213562,1.001185316877223
704.0,0.9995110390636112,0.9978949343356778,1.0011271437915445
705.0,0.9994259924095195,0.9978098876815861,1.0010420971374527
706.0,0.9994060188583416,0.9977899141304082,1.0010221235862748
707.0,0.9994132892382032,0.9977971845102698,1.0010293939661365
708.0,0.9994088335565635,0.9977927288286301,1.001024938284497
709.0,0.9993926014962567,0.9977764967683234,1.0010087062241901
710.0,0.9993440277197029,0.9977279229917695,1.0009601324476363
711.0,0.9993495961093671,0.9977334913814337,1.0009657008373005
712.0,0.9993750666498555,0.9977589619219221,1.0009911713777888
713.0,0.9994251792348474,0.997809074506914,1.0010412839627807
714.0,0.9993625183313016,0.9977464136033682,1.000978623059235
715.0,0.9993816230116885,0.9977655182837551,1.0009977277396218
716.0,0.9993859249292046,0.9977698202012713,1.001002029657138
717.0,0.999321710269495,0.9977056055415616,1.0009378149974284
718.0,0.999273959119256,0.9976578543913226,1.0008900638471894
719.0,0.9992405491344575,0.9976244444065241,1.0008566538623909
720.0,0.9992154277044012,0.9975993229764678,1.0008315324323345
721.0,0.9992087884059251,0.9975926836779917,1.0008248931338584
722.0,0.9991729821333886,0.9975568774054552,1.0007890868613218
723.0,0.9992070611842857,0.9975909564563523,1.000823165912219
724.0,0.9992319930901462,0.9976158883622128,1.0008480978180796
725.0,0.9991598423431791,0.9975437376152457,1.0007759470711124
726.0,0.999147375191729,0.9975312704637956,1.0007634799196623
727.0,0.999130760422411,0.9975146556944776,1.0007468651503444
728.0,0.9991529778809782,0.9975368731530448,1.0007690826089115
729.0,0.999213080752962,0.9975969760250286,1.0008291854808953
730.0,0.9991919612765997,0.9975758565486663,1.000808066004533
731.0,0.9992124794505896,0.9975963747226562,1.000828584178523
732.0,0.9992589883847507,0.9976428836568173,1.000875093112684
733.0,0.9992901626823606,0.9976740579544272,1.000906267410294
734.0,0.9993174016934537,0.9977012969655203,1.0009335064213871
735.0,0.9993506492434328,0.9977345445154994,1.000966753971366
736.0,0.9993368823003975,0.9977207775724641,1.000952987028331
737.0,0.9993854116005665,0.9977693068726331,1.0010015163284998
738.0,0.9994060177934783,0.9977899130655449,1.0010221225214115
739.0,0.9993773899748536,0.9977612852469202,1.000993494702787
740.0,0.9993958279152846,0.9977797231873512,1.0010119326432179
741.0,0.9993651121618771,0.9977490074339437,1.0009812168898105
742.0,0.9993800521220786,0.9977639473941452,1.0009961568500119
743.0,0.9993692150545982,0.9977531103266648,1.0009853197825316
744.0,0.999375395501968,0.9977592907740346,1.0009915002299012
745.0,0.9993502215113229,0.9977341167833895,1.0009663262392563
746.0,0.9993908065557168,0.9977747018277834,1.0010069112836502
747.0,0.9993239705744987,0.9977078658465653,1.000940075302432
748.0,0.9993074094332718,0.9976913047053384,1.0009235141612052
749.0,0.9994027868103178,0.9977866820823844,1.0010188915382512
750.0,0.9994394973693834,0.99782339264145,1.0010556020973167
751.0,0.9994492276393563,0.9978331229114229,1.0010653323672896
752.0,0.9995080428235884,0.997891938095655,1.0011241475515218
753.0,0.9995744721622942,0.9979583674343608,1.0011905768902276
754.0,0.9995809533415136,0.9979648486135803,1.001197058069447
755.0,0.9996764050880343,0.998060300360101,1.0012925098159677
756.0,0.9996717138680004,0.998055609140067,1.0012878185959337
757.0,0.9996327416731444,0.998016636945211,1.0012488464010778
758.0,0.9996296769258312,0.9980135721978978,1.0012457816537645
759.0,0.9996773774503811,0.9980612727224477,1.0012934821783144
760.0,0.9996816733175411,0.9980655685896077,1.0012977780454744
761.0,0.9997106107458114,0.998094506017878,1.0013267154737446
762.0,0.9997345890824124,0.998118484354479,1.0013506938103458
763.0,0.9997299085929782,0.9981138038650448,1.0013460133209116
764.0,0.9997364393291277,0.9981203346011943,1.001352544057061
765.0,0.9997343998731273,0.9981182951451939,1.0013505046010607
766.0,0.9997778467802433,0.9981617420523099,1.0013939515081767
767.0,0.9998004765975232,0.9981843718695899,1.0014165813254565
768.0,0.9997394130032561,0.9981233082753227,1.0013555177311895
769.0,0.9997423931213119,0.9981262883933785,1.0013584978492451
770.0,0.99978289059273,0.9981667858647966,1.0013989953206632
771.0,0.9997587165025984,0.998142611774665,1.0013748212305318
772.0,0.9997955819339205,0.9981794772059871,1.0014116866618539
773.0,0.9998118605485993,0.9981957558206659,1.0014279652765326
774.0,0.9998313434688857,0.9982152387409523,1.001447448196819
775.0,0.999854666425887,0.9982385616979537,1.0014707711538204
776.0,0.999903022356034,0.9982869176281006,1.0015191270839674
777.0,0.9999711552576224,0.998355050529689,1.0015872599855558
778.0,0.9999795178091434,0.99836341308121,1.0015956225370768
779.0,0.9999929798354196,0.9983768751074862,1.001609084563353
780.0,0.9999877377714678,0.9983716330435344,1.0016038424994012
781.0,0.999968121903042,0.9983520171751086,1.0015842266309753
782.0,0.9999809200452008,0.9983648153172674,1.001597024773134
783.0,1.0000115856802554,0.998395480952322,1.0016276904081887
784.0,1.0000458782194117,0.9984297734914783,1.001661982947345
785.0,1.0000981837095635,0.9984820789816301,1.0017142884374968
786.0,1.000139045777675,0.9985229410497417,1.0017551505056084
787.0,1.0000882505353321,0.9984721458073987,1.0017043552632654
788.0,1.0001158346710688,0.9984997299431354,1.001731939399002
789.0,1.0001045356538822,0.9984884309259489,1.0017206403818155
790.0,1.000080152301239,0.9984640475733056,1.0016962570291723
791.0,1.0000621798857707,0.9984460751578373,1.001678284613704
792.0,1.0000421593834194,0.9984260546554861,1.0016582641113527
793.0,1.000064511905863,0.9984484071779297,1.0016806166337964
794.0,1.0000856538636014,0.998469549135668,1.0017017585915347
795.0,1.0001171394186783,0.9985010346907449,1.0017332441466116
796.0,1.0001006221526947,0.9984845174247613,1.001716726880628
797.0,1.0001417767933687,0.9985256720654353,1.001757881521302
798.0,1.0001000670771332,0.9984839623491998,1.0017161718050664
799.0,1.0001109496304363,0.998494844902503,1.0017270543583696
800.0,1.0001139111986828,0.9984978064707494,1.001730015926616
801.0,1.000075127045221,0.9984590223172877,1.0016912317731543
802.0,1.0000390649959698,0.9984229602680365,1.0016551697239031
803.0,1.000055829182584,0.9984397244546507,1.0016719339105173
804.0,1.0000467069275238,0.9984306021995905,1.0016628116554571
805.0,1.0000736868939024,0.998457582165969,1.0016897916218357
806.0,1.0001115507241338,0.9984954459962004,1.001727655452067
807.0,1.0001171693363287,0.9985010646083953,1.001733274064262
808.0,1.000164478737991,0.9985483740100577,1.0017805834659244
809.0,1.0001531177514333,0.9985370130235,1.0017692224793666
810.0,1.0001864991990024,0.998570394471069,1.0018026039269357
811.0,1.0001559538305473,0.998539849102614,1.0017720585584806
812.0,1.000176418186368,0.9985603134584345,1.0017925229143012
813.0,1.000176837009923,0.9985607322819897,1.0017929417378564
814.0,1.0002456211777473,0.9986295164498139,1.0018617259056806
815.0,1.0002943267747042,0.9986782220467708,1.0019104315026375
816.0,1.000348641468585,0.9987325367406515,1.0019647461965182
817.0,1.0003378300265535,0.9987217252986201,1.0019539347544868
818.0,1.0003848844865786,0.9987687797586452,1.0020009892145119
819.0,1.0003875321299371,0.9987714274020038,1.0020036368578704
820.0,1.0003963486896468,0.9987802439617134,1.00201245341758
821.0,1.0003463477848826,0.9987302430569492,1.001962452512816
822.0,1.0003756417988683,0.9987595370709349,1.0019917465268016
823.0,1.0004018810988637,0.9987857763709304,1.002017985826797
824.0,1.0004586802419324,0.998842575513999,1.0020747849698657
825.0,1.00042836719067,0.9988122624627366,1.0020444719186032
826.0,1.000431969399821,0.9988158646718875,1.0020480741277542
827.0,1.0004490124387524,0.998832907710819,1.0020651171666857
828.0,1.0004589055125794,0.998842800784646,1.0020750102405127
829.0,1.0004365263583672,0.9988204216304338,1.0020526310863005
830.0,1.000473186726581,0.9988570819986476,1.0020892914545143
831.0,1.0005264166065082,0.9989103118785748,1.0021425213344415
832.0,1.0004857681567147,0.9988696634287814,1.002101872884648
833.0,1.0004294959024604,0.998813391174527,1.0020456006303937
834.0,1.0003934537738393,0.9987773490459059,1.0020095585017725
835.0,1.0003588726735535,0.9987427679456201,1.0019749774014868
836.0,1.0004473003422127,0.9988311956142794,1.002063405070146
837.0,1.0003856592434577,0.9987695545155243,1.002001763971391
838.0,1.0003681000656637,0.9987519953377303,1.001984204793597
839.0,1.0003096436021122,0.9986935388741788,1.0019257483300454
840.0,1.0002634534641457,0.9986473487362123,1.001879558192079
841.0,1.0002678317627358,0.9986517270348024,1.001883936490669
842.0,1.000266383437518,0.9986502787095847,1.0018824881654513
843.0,1.0001986551170472,0.9985825503891138,1.0018147598449805
844.0,1.0001795836549632,0.9985634789270298,1.0017956883828965
845.0,1.000234221866895,0.9986181171389615,1.0018503265948282
846.0,1.0001966072611783,0.9985805025332449,1.0018127119891116
847.0,1.0001585701884925,0.9985424654605591,1.0017746749164258
848.0,1.0002081463605847,0.9985920416326514,1.001824251088518
849.0,1.0001951771289033,0.9985790724009699,1.0018112818568365
850.0,1.000171077823187,0.9985549730952535,1.0017871825511202
851.0,1.000146453915515,0.9985303491875815,1.0017625586434482
852.0,1.000150956694355,0.9985348519664216,1.0017670614222882
853.0,1.000103809949696,0.9984877052217626,1.0017199146776292
854.0,1.0001111399835212,0.9984950352555878,1.0017272447114545
855.0,1.00007553762627,0.9984594328983366,1.0016916423542033
856.0,1.0000692801262938,0.9984531753983604,1.001685384854227
857.0,1.000051966421304,0.9984358616933705,1.0016680711492372
858.0,1.000093106799728,0.9984770020717947,1.0017092115276613
859.0,1.0001112087508761,0.9984951040229427,1.0017273134788094
860.0,1.0001252899894062,0.9985091852614728,1.0017413947173395
861.0,1.0001548725211888,0.9985387677932555,1.0017709772491221
862.0,1.0001670624638572,0.9985509577359238,1.0017831671917905
863.0,1.00016775153028,0.9985516468023466,1.0017838562582133
864.0,1.000143783043184,0.9985276783152507,1.0017598877711174
865.0,1.0001563115226755,0.9985402067947421,1.0017724162506088
866.0,1.0001644308333175,0.9985483261053841,1.0017805355612508
867.0,1.0001834916665568,0.9985673869386235,1.0017995963944901
868.0,1.0001800924711817,0.9985639877432483,1.001796197199115
869.0,1.0002598097245492,0.9986437049966158,1.0018759144524825
870.0,1.0002291192387338,0.9986130145108004,1.001845223966667
871.0,1.0002277207651404,0.998611616037207,1.0018438254930737
872.0,1.0002720699510594,0.998655965223126,1.0018881746789927
873.0,1.0002637845381994,0.998647679810266,1.0018798892661327
874.0,1.0002884595102421,0.9986723547823088,1.0019045642381754
875.0,1.0002545760784571,0.9986384713505237,1.0018706808063904
876.0,1.000284887858873,0.9986687831309397,1.0019009925868063
877.0,1.0003299702075055,0.9987138654795721,1.0019460749354387
878.0,1.0003341362158356,0.9987180314879022,1.0019502409437688
879.0,1.0003375991648427,0.9987214944369093,1.001953703892776
880.0,1.0003341062495574,0.998718001521624,1.0019502109774907
881.0,1.000322162521361,0.9987060577934276,1.0019382672492942
882.0,1.0002987098800449,0.9986826051521115,1.0019148146079782
883.0,1.000313739208718,0.9986976344807846,1.0019298439366513
884.0,1.0002714640745172,0.9986553593465838,1.0018875688024504
885.0,1.0002336220504988,0.9986175173225654,1.001849726778432
886.0,1.0002667619163323,0.998650657188399,1.0018828666442656
887.0,1.0002951839215908,0.9986790791936574,1.001911288649524
888.0,1.0003032467456725,0.9986871420177391,1.0019193514736058
889.0,1.0003340858169911,0.9987179810890577,1.0019501905449244
890.0,1.0003628971256353,0.9987467923977019,1.0019790018535686
891.0,1.0003913366601929,0.9987752319322595,1.0020074413881261
892.0,1.0003921448490214,0.998776040121088,1.0020082495769547
893.0,1.000367399900844,0.9987512951729106,1.0019835046287773
894.0,1.0003674961215812,0.9987513913936478,1.0019836008495144
895.0,1.0004514097442847,0.9988353050163513,1.002067514472218
896.0,1.0004748818397118,0.9988587771117784,1.002090986567645
897.0,1.0004518886045528,0.9988357838766194,1.002067993332486
898.0,1.0004663042318522,0.9988501995039188,1.0020824089597855
899.0,1.0004130533690652,0.9987969486411318,1.0020291580969984
900.0,1.000411125783985,0.9987950210560516,1.0020272305119182
901.0,1.0003958898701266,0.9987797851421932,1.00201199459806
902.0,1.0004390260326697,0.9988229213047363,1.002055130760603
903.0,1.000457042876006,0.9988409381480726,1.0020731476039393
904.0,1.0004548216783042,0.9988387169503709,1.0020709264062375
905.0,1.0004563878336317,0.9988402831056983,1.002072492561565
906.0,1.0004854066870372,0.9988693019591038,1.0021015114149705
907.0,1.0004533396132707,0.9988372348853373,1.002069444341204
908.0,1.0004409754391161,0.9988248707111828,1.0020570801670494
909.0,1.00043906116128,0.9988229564333465,1.0020551658892132
910.0,1.0004220903191574,0.998805985591224,1.0020381950470907
911.0,1.0004262689755086,0.9988101642475752,1.0020423737034418
912.0,1.000411892953055,0.9987957882251216,1.0020279976809883
913.0,1.0004290895555343,0.998812984827601,1.0020451942834676
914.0,1.0003918975094335,0.9987757927815001,1.0020080022373667
915.0,1.0003626464955915,0.9987465417676581,1.0019787512235248
916.0,1.0003404505346514,0.998724345806718,1.0019565552625846
917.0,1.0003212520472442,0.9987051473193108,1.0019373567751775
918.0,1.0003270126697097,0.9987109079417763,1.001943117397643
919.0,1.0003498025255493,0.9987336977976159,1.0019659072534826
920.0,1.0003724629698438,0.9987563582419104,1.001988567697777
921.0,1.0004003850909502,0.9987842803630168,1.0020164898188835
922.0,1.0003787688973853,0.9987626641694519,1.0019948736253186
923.0,1.0004319671778699,0.9988158624499365,1.0020480719058031
924.0,1.0004558950859999,0.9988397903580665,1.0020719998139331
925.0,1.0004800776742448,0.9988639729463115,1.0020961824021781
926.0,1.0004750761327106,0.9988589714047772,1.0020911808606439
927.0,1.0004726209353858,0.9988565162074524,1.002088725663319
928.0,1.0004225797913988,0.9988064750634654,1.002038684519332
929.0,1.0004031834742804,0.998787078746347,1.0020192882022136
930.0,1.0003650324147688,0.9987489276868354,1.001981137142702
931.0,1.0003588790224776,0.9987427742945442,1.0019749837504108
932.0,1.0003924530446737,0.9987763483167403,1.002008557772607
933.0,1.0004266684216976,0.9988105636937642,1.0020427731496309
934.0,1.0003528003244706,0.9987366955965372,1.0019689050524039
935.0,1.00035959394737,0.9987434892194366,1.0019756986753032
936.0,1.0003512154736471,0.9987351107457138,1.0019673202015804
937.0,1.000337518974522,0.9987214142465887,1.0019536237024553
938.0,1.0003661449461916,0.9987500402182582,1.0019822496741249
939.0,1.0004383068144695,0.9988222020865362,1.0020544115424028
940.0,1.0004580078658016,0.9988419031378682,1.002074112593735
941.0,1.000493326660496,0.9988772219325627,1.0021094313884293
942.0,1.000452107711328,0.9988360029833946,1.0020682124392613
943.0,1.0004470297192218,0.9988309249912884,1.0020631344471551
944.0,1.0004756701636506,0.9988595654357172,1.0020917748915839
945.0,1.0004922659331383,0.998876161205205,1.0021083706610716
946.0,1.0004395197651264,0.998823415037193,1.0020556244930596
947.0,1.0004816823860276,0.9988655776580943,1.002097787113961
948.0,1.0004669509162396,0.9988508461883062,1.0020830556441729
949.0,1.0004777986383986,0.9988616939104652,1.0020939033663319
950.0,1.0004856458786267,0.9988695411506933,1.00210175060656
951.0,1.0004673084210043,0.9988512036930709,1.0020834131489376
952.0,1.0004871450735333,0.9988710403455999,1.0021032498014666
953.0,1.0004922101114138,0.9988761053834804,1.002108314839347
954.0,1.000425410829242,0.9988093061013087,1.0020415155571754
955.0,1.0004337481745176,0.9988176434465842,1.0020498529024509
956.0,1.0004291300260817,0.9988130252981483,1.002045234754015
957.0,1.0004347585048496,0.9988186537769163,1.002050863232783
958.0,1.0003747172697781,0.9987586125418447,1.0019908219977114
959.0,1.0003696689417338,0.9987535642138005,1.0019857736696671
960.0,1.0003853562783251,0.9987692515503918,1.0020014610062584
961.0,1.0003900881557046,0.9987739834277712,1.002006192883638
962.0,1.0003491434768952,0.9987330387489618,1.0019652482048285
963.0,1.000328195016365,0.9987120902884316,1.0019442997442982
964.0,1.0003015749138127,0.9986854701858793,1.001917679641746
965.0,1.0003199951510757,0.9987038904231423,1.001936099879009
966.0,1.0003726604222167,0.9987565556942833,1.00198876515015
967.0,1.0003491283070887,0.9987330235791553,1.001965233035022
968.0,1.0003737304212206,0.9987576256932872,1.0019898351491539
969.0,1.0003743810844368,0.9987582763565034,1.00199048581237
970.0,1.0004542890463408,0.9988381843184074,1.002070393774274
971.0,1.0004154870330617,0.9987993823051283,1.002031591760995
972.0,1.0004566621202124,0.9988405573922791,1.0020727668481457
973.0,1.0004007586264374,0.998784653898504,1.0020168633543707
974.0,1.000411762475675,0.9987956577477416,1.0020278672036083
975.0,1.0004379900878804,0.998821885359947,1.0020540948158136
976.0,1.0004091863795936,0.9987930816516603,1.002025291107527
977.0,1.0004305387259111,0.9988144339979778,1.0020466434538444
978.0,1.0004657634399674,0.998849658712034,1.0020818681679007
979.0,1.0004886062305338,0.9988725015026004,1.002104710958467
980.0,1.0004689364666781,0.9988528317387447,1.0020850411946114
981.0,1.0004556448183257,0.9988395400903923,1.002071749546259
982.0,1.000432462587184,0.9988163578592507,1.0020485673151174
983.0,1.000429019936518,0.9988129152085846,1.0020451246644513
984.0,1.0004606032863705,0.9988444985584372,1.0020767080143038
985.0,1.0004496188482688,0.9988335141203354,1.002065723576202
986.0,1.0004806677248945,0.9988645629969611,1.0020967724528278
987.0,1.0005005441777621,0.9988844394498287,1.0021166489056954
988.0,1.0005245427735179,0.9989084380455845,1.0021406475014512
989.0,1.0005086494769635,0.9988925447490301,1.0021247542048968
990.0,1.0005075879715764,0.998891483243643,1.0021236926995096
991.0,1.0004936039219678,0.9988774991940345,1.0021097086499011
992.0,1.0005113326275707,0.9988952278996374,1.002127437355504
993.0,1.0005258349114934,0.99890973018356,1.0021419396394267
994.0,1.0005259884968012,0.9989098837688678,1.0021420932247345
995.0,1.0005885878245027,0.9989724830965693,1.002204692552436
996.0,1.0005731379151694,0.998957033187236,1.0021892426431027
997.0,1.0005748028974724,0.998958698169539,1.0021909076254056
998.0,1.0005868585784854,0.998970753850552,1.0022029633064187
999.0,1.0005755627404864,0.998959458012553,1.0021916674684197
1000.0,1.000543953731348,0.9989278490034147,1.0021600584592814
1001.0,1.0005220983633862,0.9989059936354528,1.0021382030913195
1002.0,1.0005650035791356,0.9989488988512022,1.0021811083070689
1003.0,1.0005328615941356,0.9989167568662022,1.0021489663220688
1004.0,1.0005310882493377,0.9989149835214043,1.002147192977271
1005.0,1.0005783259033734,0.99896222117544,1.0021944306313066
1006.0,1.000576992137294,0.9989608874093606,1.0021930968652273
1007.0,1.0005519933288902,0.9989358886009568,1.0021680980568235
1008.0,1.0005433861831086,0.9989272814551752,1.0021594909110418
1009.0,1.0005191804697946,0.9989030757418612,1.0021352851977279
1010.0,1.0005729574842284,0.998956852756295,1.0021890622121616
1011.0,1.0005949244432362,0.9989788197153028,1.0022110291711694
1012.0,1.0006097974596888,0.9989936927317554,1.002225902187622
1013.0,1.000647168880382,0.9990310641524486,1.0022632736083152
1014.0,1.0006546134152743,0.9990385086873409,1.0022707181432076
1015.0,1.000696041791603,0.9990799370636697,1.0023121465195364
1016.0,1.0006880087142034,0.99907190398627,1.0023041134421367
1017.0,1.000725029556535,0.9991089248286017,1.0023411342844684
1018.0,1.0007002189743615,0.9990841142464281,1.0023163237022947
1019.0,1.0007352013028326,0.9991190965748992,1.0023513060307658
1020.0,1.0007376954289435,0.9991215907010101,1.0023538001568768
1021.0,1.0007314235940512,0.9991153188661178,1.0023475283219845
1022.0,1.0007156151459549,0.9990995104180215,1.0023317198738881
1023.0,1.0007533161155096,0.9991372113875762,1.0023694208434428
1024.0,1.0007295667546527,0.9991134620267194,1.002345671482586
1025.0,1.0007053466130607,0.9990892418851273,1.002321451340994
1026.0,1.000696250297704,0.9990801455697705,1.0023123550256372
1027.0,1.0006765655598973,0.9990604608319639,1.0022926702878305
1028.0,1.000606954333487,0.9989908496055536,1.0022230590614203
1029.0,1.0006339096268588,0.9990178048989254,1.002250014354792
1030.0,1.000660398913159,0.9990442941852257,1.0022765036410923
1031.0,1.0006672308846167,0.9990511261566833,1.00228333561255
1032.0,1.0006660508789025,0.9990499461509691,1.0022821556068358
1033.0,1.0006171499131662,0.9990010451852328,1.0022332546410995
1034.0,1.000661347999987,0.9990452432720537,1.0022774527279203
1035.0,1.000625849985167,0.9990097452572336,1.0022419547131003
1036.0,1.0006325554816236,0.9990164507536902,1.0022486602095568
1037.0,1.0006630466006796,0.9990469418727462,1.002279151328613
1038.0,1.000669234101121,0.9990531293731876,1.0022853388290542
1039.0,1.000670487722399,0.9990543829944657,1.0022865924503324
1040.0,1.000642877577237,0.9990267728493035,1.0022589823051702
1041.0,1.0006824701328763,0.9990663654049429,1.0022985748608095
1042.0,1.0007231451201186,0.9991070403921852,1.002339249848052
1043.0,1.0007173592574996,0.9991012545295662,1.0023334639854329
1044.0,1.0007030025927057,0.9990868978647723,1.002319107320639
1045.0,1.0007703864033595,0.9991542816754261,1.0023864911312927
1046.0,1.0007437946173812,0.9991276898894478,1.0023598993453144
1047.0,1.0007526743100825,0.9991365695821491,1.0023687790380158
1048.0,1.000744236120178,0.9991281313922445,1.0023603408481112
1049.0,1.0007372813465292,0.9991211766185958,1.0023533860744624
1050.0,1.0007149474430377,0.9990988427151043,1.002331052170971
1051.0,1.000744332238131,0.9991282275101977,1.0023604369660644
1052.0,1.0007405383064132,0.9991244335784798,1.0023566430343465
1053.0,1.0007596654771753,0.9991435607492419,1.0023757702051086
1054.0,1.0007728598563554,0.9991567551284221,1.0023889645842887
1055.0,1.0007186694784014,0.999102564750468,1.0023347742063347
1056.0,1.0007275163383245,0.9991114116103911,1.0023436210662577
1057.0,1.0007287656019432,0.9991126608740099,1.0023448703298765
1058.0,1.0007313532040292,0.9991152484760958,1.0023474579319624
1059.0,1.0007514563818727,0.9991353516539393,1.002367561109806
1060.0,1.000702560087229,0.9990864553592956,1.0023186648151623
1061.0,1.0007104998713063,0.999094395143373,1.0023266045992396
1062.0,1.000687815676731,0.9990717109487975,1.0023039204046642
1063.0,1.0007199203718666,0.9991038156439332,1.0023360250998
1064.0,1.0007167862901716,0.9991006815622382,1.0023328910181049
1065.0,1.0007074460425054,0.999091341314572,1.0023235507704387
1066.0,1.0007258055848367,0.9991097008569033,1.00234191031277
1067.0,1.0007004596310582,0.9990843549031249,1.0023165643589915
1068.0,1.0006860908227462,0.9990699860948128,1.0023021955506795
1069.0,1.000711228481393,0.9990951237534597,1.0023273332093263
1070.0,1.000681021014281,0.9990649162863475,1.0022971257422142
1071.0,1.0007048862942174,0.999088781566284,1.0023209910221507
1072.0,1.0007478017543032,0.9991316970263698,1.0023639064822365
1073.0,1.0007910539212945,0.9991749491933611,1.0024071586492278
1074.0,1.00083431584011,0.9992182111121767,1.0024504205680433
1075.0,1.0008223984193236,0.9992062936913902,1.002438503147257
1076.0,1.0008045152553051,0.9991884105273717,1.0024206199832384
1077.0,1.0007908328829198,0.9991747281549864,1.002406937610853
1078.0,1.0007848916942268,0.9991687869662934,1.00240099642216
1079.0,1.0007191387352978,0.9991030340073644,1.002335243463231
1080.0,1.0007175319172814,0.999101427189348,1.0023336366452147
1081.0,1.0007368318592818,0.9991207271313484,1.002352936587215
1082.0,1.000700906671947,0.9990848019440136,1.0023170113998803
1083.0,1.000718978149605,0.9991028734216717,1.0023350828775384
1084.0,1.0007353121099016,0.9991192073819682,1.002351416837835
1085.0,1.000764428178924,0.9991483234509907,1.0023805329068574
1086.0,1.0007715667247032,0.9991554619967699,1.0023876714526365
1087.0,1.0007451373386091,0.9991290326106758,1.0023612420665424
1088.0,1.0007649389696343,0.9991488342417009,1.0023810436975675
1089.0,1.0007802331194708,0.9991641283915375,1.0023963378474041
1090.0,1.0008397252877494,0.9992236205598161,1.0024558300156827
1091.0,1.000874891107367,0.9992587863794337,1.0024909958353003
1092.0,1.0008405822503332,0.9992244775223998,1.0024566869782665
1093.0,1.0008072892641886,0.9991911845362552,1.0024233939921219
1094.0,1.0007738657416654,0.999157761013732,1.0023899704695987
1095.0,1.0007768133911454,0.999160708663212,1.0023929181190787
1096.0,1.000760395364483,0.9991442906365496,1.0023765000924163
1097.0,1.0007685834333793,0.9991524787054459,1.0023846881613125
1098.0,1.0007767865179584,0.999160681790025,1.0023928912458917
1099.0,1.0007360599697055,0.9991199552417721,1.0023521646976388
1100.0,1.0007249150203674,0.999108810292434,1.0023410197483007
1101.0,1.0007492169899317,0.9991331122619983,1.002365321717865
1102.0,1.0007266367994898,0.9991105320715564,1.002342741527423
1103.0,1.0006972956249458,0.9990811908970124,1.002313400352879
1104.0,1.000720474564756,0.9991043698368226,1.0023365792926893
1105.0,1.000708551939701,0.9990924472117676,1.0023246566676343
1106.0,1.0006979975735038,0.9990818928455704,1.002314102301437
1107.0,1.0007088340884187,0.9990927293604853,1.002324938816352
1108.0,1.0007035455899251,0.9990874408619917,1.0023196503178584
1109.0,1.000713455908588,0.9990973511806546,1.0023295606365212
1110.0,1.0007068230564953,0.9990907183285619,1.0023229277844286
1111.0,1.000720432998472,0.9991043282705386,1.0023365377264053
1112.0,1.0006907056848915,0.9990746009569581,1.0023068104128248
1113.0,1.0007606890004652,0.9991445842725318,1.0023767937283985
1114.0,1.0007572193569791,0.9991411146290458,1.0023733240849124
1115.0,1.0007615627200608,0.9991454579921274,1.002377667447994
1116.0,1.0007416786585321,0.9991255739305988,1.0023577833864654
1117.0,1.0007600001075536,0.9991438953796202,1.002376104835487
1118.0,1.0007736578482156,0.9991575531202822,1.0023897625761489
1119.0,1.0007600729808281,0.9991439682528948,1.0023761777087614
1120.0,1.0007871484594244,0.999171043731491,1.0024032531873577
1121.0,1.0007744082983043,0.9991583035703709,1.0023905130262376
1122.0,1.0007794552625324,0.999163350534599,1.0023955599904657
1123.0,1.0007409639896296,0.9991248592616963,1.002357068717563
1124.0,1.0007273667089507,0.9991112619810173,1.002343471436884
1125.0,1.0006880221143581,0.9990719173864248,1.0023041268422914
1126.0,1.0006784674598321,0.9990623627318987,1.0022945721877654
1127.0,1.0006714388847342,0.9990553341568008,1.0022875436126675
1128.0,1.000693911502394,0.9990778067744607,1.0023100162303273
1129.0,1.000697091835507,0.9990809871075735,1.0023131965634402
1130.0,1.0007206510150608,0.9991045462871274,1.002336755742994
1131.0,1.0007014586982717,0.9990853539703383,1.002317563426205
1132.0,1.0006893107365613,0.9990732060086279,1.0023054154644946
1133.0,1.000715517079642,0.9990994123517086,1.0023316218075753
1134.0,1.0007249302047097,0.9991088254767763,1.002341034932643
1135.0,1.0007157698077411,0.9990996650798077,1.0023318745356744
1136.0,1.0007425941417503,0.9991264894138169,1.0023586988696835
1137.0,1.0007208216242904,0.999104716896357,1.0023369263522237
1138.0,1.0007417098152651,0.9991256050873317,1.0023578145431984
1139.0,1.0007697861865332,0.9991536814585998,1.0023858909144665
1140.0,1.000786673973075,0.9991705692451417,1.0024027787010084
1141.0,1.000788203320847,0.9991720985929137,1.0024043080487803
1142.0,1.0007861914166318,0.9991700866886984,1.002402296144565
1143.0,1.0007564932973905,0.9991403885694571,1.0023725980253237
1144.0,1.000747298850637,0.9991311941227036,1.0023634035785702
1145.0,1.0007370384149896,0.9991209336870562,1.002353143142923
1146.0,1.0007786414813524,0.999162536753419,1.0023947462092857
1147.0,1.0008030192138926,0.9991869144859592,1.0024191239418259
1148.0,1.0007790302312292,0.9991629255032958,1.0023951349591624
1149.0,1.0008059624754317,0.9991898577474984,1.002422067203365
1150.0,1.000852441474742,0.9992363367468086,1.0024685462026752
1151.0,1.0008393959051471,0.9992232911772138,1.0024555006330804
1152.0,1.0008192463753758,0.9992031416474424,1.002435351103309
1153.0,1.000792358562898,0.9991762538349646,1.0024084632908312
1154.0,1.0007918134533293,0.999175708725396,1.0024079181812626
1155.0,1.000805608837771,0.9991895041098376,1.0024217135657043
1156.0,1.0008099685177376,0.9991938637898042,1.002426073245671
1157.0,1.0008017577697117,0.9991856530417783,1.002417862497645
1158.0,1.000714741446112,0.9990986367181786,1.0023308461740452
1159.0,1.0006709404294067,0.9990548357014734,1.00228704515734
1160.0,1.000700755939073,0.9990846512111397,1.0023168606670063
1161.0,1.000696059702199,0.9990799549742656,1.0023121644301323
1162.0,1.0007045499640774,0.999088445236144,1.0023206546920107
1163.0,1.0007089692450342,0.9990928645171008,1.0023250739729674
1164.0,1.0007121962259857,0.9990960914980523,1.002328300953919
1165.0,1.000670182096617,0.9990540773686837,1.0022862868245503
1166.0,1.000658235275062,0.9990421305471285,1.0022743400029952
1167.0,1.0006791088437332,0.9990630041157998,1.0022952135716665
1168.0,1.000684023756993,0.9990679190290596,1.0023001284849262
1169.0,1.0006739010085126,0.9990577962805792,1.0022900057364459
1170.0,1.0006207241282938,0.9990046194003604,1.0022368288562271
1171.0,1.0006121115328446,0.9989960068049112,1.0022282162607778
1172.0,1.0006157225604162,0.9989996178324828,1.0022318272883495
1173.0,1.0005992581671035,0.9989831534391701,1.0022153628950368
1174.0,1.000577269789939,0.9989611650620057,1.0021933745178724
1175.0,1.0006071634058096,0.9989910586778762,1.0022232681337429
1176.0,1.0005973594136015,0.9989812546856681,1.0022134641415348
1177.0,1.000633504754813,0.9990174000268796,1.0022496094827462
1178.0,1.0006116656327928,0.9989955609048594,1.002227770360726
1179.0,1.0006165602246544,0.999000455496721,1.0022326649525877
1180.0,1.000606150332023,0.9989900456040895,1.0022222550599562
1181.0,1.0006272402497214,0.999011135521788,1.0022433449776547
1182.0,1.000630229589597,0.9990141248616636,1.0022463343175303
1183.0,1.0006050852476533,0.99898898051972,1.0022211899755866
1184.0,1.0005776111996163,0.9989615064716829,1.0021937159275496
1185.0,1.0005949269735315,0.9989788222455981,1.0022110317014647
1186.0,1.0006587501082502,0.9990426453803168,1.0022748548361835
1187.0,1.000667578299622,0.9990514735716886,1.0022836830275552
1188.0,1.0006643373108177,0.9990482325828843,1.002280442038751
1189.0,1.0006319687385223,0.999015864010589,1.0022480734664556
1190.0,1.0006140995365922,0.9989979948086588,1.0022302042645255
1191.0,1.0005987720540581,0.9989826673261247,1.0022148767819914
1192.0,1.000592402100262,0.9989762973723285,1.0022085068281952
1193.0,1.0005711492592253,0.9989550445312919,1.0021872539871586
1194.0,1.0005705605994077,0.9989544558714744,1.002186665327341
1195.0,1.0005964555201543,0.9989803507922209,1.0022125602480876
1196.0,1.0006006669978396,0.9989845622699062,1.0022167717257728
1197.0,1.0006002078286558,0.9989841031007224,1.002216312556589
1198.0,1.0005868604297994,0.998970755701866,1.0022029651577327
1199.0,1.0005586024594226,0.9989424977314892,1.002174707187356
1200.0,1.0005286531246682,0.9989125483967348,1.0021447578526015
1201.0,1.000517403386022,0.9989012986580886,1.0021335081139553
1202.0,1.000543399210083,0.9989272944821496,1.0021595039380162
1203.0,1.0005922161443572,0.9989761114164238,1.0022083208722905
1204.0,1.0005541607693853,0.9989380560414519,1.0021702654973186
1205.0,1.0005195493903507,0.9989034446624173,1.002135654118284
1206.0,1.0005279804130418,0.9989118756851084,1.002144085140975
1207.0,1.0005336266542124,0.998917521926279,1.0021497313821457
1208.0,1.0005378842664083,0.9989217795384749,1.0021539889943416
1209.0,1.0004941447410285,0.9988780400130951,1.0021102494689618
1210.0,1.0005157529399717,0.9988996482120384,1.002131857667905
1211.0,1.0004963408981322,0.9988802361701988,1.0021124456260655
1212.0,1.0004580169231,0.9988419121951667,1.0020741216510334
1213.0,1.0004722556743255,0.9988561509463921,1.0020883604022588
1214.0,1.0004865195624675,0.9988704148345341,1.0021026242904008
1215.0,1.0005259016304748,0.9989097969025414,1.002142006358408
1216.0,1.000527395221854,0.9989112904939207,1.0021434999497874
1217.0,1.0005354357897336,0.9989193310618002,1.0021515405176669
1218.0,1.000536107495925,0.9989200027679915,1.0021522122238582
1219.0,1.0005011037435692,0.9988849990156358,1.0021172084715024
1220.0,1.0004847603244713,0.9988686555965379,1.0021008650524046
1221.0,1.00048612863899,0.9988700239110565,1.0021022333669232
1222.0,1.0005206014760708,0.9989044967481374,1.002136706204004
1223.0,1.0005180144887775,0.9989019097608441,1.0021341192167108
1224.0,1.0005065189669202,0.9988904142389868,1.0021226236948535
1225.0,1.0005408306320311,0.9989247259040978,1.0021569353599644
1226.0,1.0005707786379576,0.9989546739100242,1.002186883365891
1227.0,1.0005689737623689,0.9989528690344355,1.0021850784903021
1228.0,1.0005969218148343,0.9989808170869009,1.0022130265427676
1229.0,1.0006427430382074,0.999026638310274,1.0022588477661407
1230.0,1.0006100589001605,0.9989939541722271,1.0022261636280938
1231.0,1.0006019893813893,0.998985884653456,1.0022180941093226
1232.0,1.0006381345026147,0.9990220297746814,1.002254239230548
1233.0,1.0006301213753757,0.9990140166474423,1.002246226103309
1234.0,1.0006256542334246,0.9990095495054913,1.002241758961358
1235.0,1.000625166557456,0.9990090618295225,1.0022412712853892
1236.0,1.0006343406686955,0.9990182359407621,1.0022504453966288
1237.0,1.0006279852571924,0.999011880529259,1.0022440899851257
1238.0,1.0006213001113387,0.9990051953834053,1.002237404839272
1239.0,1.0006314329135364,0.999015328185603,1.0022475376414697
1240.0,1.0006276213411853,0.9990115166132519,1.0022437260691186
1241.0,1.0006676351787145,0.9990515304507811,1.0022837399066478
1242.0,1.000646798877626,0.9990306941496926,1.0022629036055593
1243.0,1.0006623665313812,0.9990462618034478,1.0022784712593145
1244.0,1.0006510262564694,0.999034921528536,1.0022671309844027
1245.0,1.0006716308144874,0.999055526086554,1.0022877355424207
1246.0,1.0007087098245793,0.9990926050966459,1.0023248145525125
1247.0,1.0007225340427168,0.9991064293147834,1.00233863877065
1248.0,1.0007238029589753,0.999107698231042,1.0023399076869086
1249.0,1.000722846419694,0.9991067416917606,1.0023389511476273
1250.0,1.0007765389320116,0.9991604342040782,1.0023926436599448
